,request_hour,request_day_of_week,request_day,request_month,is_night,requests_per_ip,ip_request_rank,time_since_previous_request,mean_inter_request_time_ip,median_inter_request_time_ip,min_inter_request_time_ip,rapid_request_flag,requests_per_ip_1min,requests_per_ip_5min,requests_per_ip_10min,status_404_count_ip,status_404_ratio_ip,error_status_ratio_ip,high_404_activity_flag,is_bot,is_scanner,user_agent_length,unique_user_agents_per_ip,unique_urls_per_ip,unique_ports_per_ip,url_entropy,url_length,path_depth,number_of_query_parameters,special_character_count,digit_ratio,letter_ratio,payload_length,payload_entropy,contains_sql_keyword,contains_path_traversal,contains_script_tag,contains_command_separator,request_rate_1min,request_rate_5min,failed_pattern_count
request_hour,1.0,0.026846095074395823,-0.5164928297944573,0.3142418280103139,-0.4824475277624296,0.2827185228405962,-0.062485453694856655,-0.016089377834131557,-0.019868390288626792,-0.015537472297918301,-0.010125014208045931,0.04634304054818282,-0.18604151472429212,-0.23364651630545558,-0.243878484835079,,,,,0.16259674715915823,0.16253620992288004,-0.417445368926936,0.06146017945278717,-0.06820614411138087,0.06050766499686814,0.015695712790715903,0.00861945777562468,-0.0007498502844341741,0.014547633050485644,-0.00024110391639970728,-0.002478891114643187,0.0014542286091411762,0.001623159649580958,-0.003363662256590371,-0.005261846413948698,-0.007930396821487546,-0.00020862963735816963,0.00176501167336766,-0.1860415253869647,-0.23364650395947398,-0.00633504962906804
request_day_of_week,0.026846095074395823,1.0,-0.25111785835054395,-0.17237541794292163,0.14140250138511093,-0.08216973490999906,-0.0909097772614737,-0.014872764678696228,-0.019030699670540302,-0.01344878619214846,-0.008630945293853703,0.07582396990711136,-0.23347590372940313,-0.20120963902165628,-0.15987918923292177,,,,,0.16938660768031596,0.17050561799510727,-0.2971954021820769,-0.16689948227900758,-0.13610038691762646,-0.07875762600967517,-0.03511791004033179,-0.03908266000157045,-0.022479174378495878,-0.03074364507349297,-0.022764145143950282,-0.004202950623771514,0.02393745532340906,-0.02688408750486956,-0.04868906051603128,0.004731827124839601,-0.008843307677057785,-0.029727723061378504,0.00034992949354435276,-0.23347591795575057,-0.20120962394912606,-0.02209949208603407
request_day,-0.5164928297944573,-0.25111785835054395,1.0,-0.02698320710009433,-0.007294821400807575,-0.44503663244968744,0.21643556749389536,0.034246911641654484,0.04635191881337962,0.0350845659429522,0.02473541685621331,-0.16043797529827863,0.2535572452643589,0.21357672076966155,0.17373041253769606,,,,,-0.3138824357425506,-0.3174381547681346,0.6562122422834841,-0.01939611447635786,-0.004683829606711836,-0.23756910863530237,-0.011275253713619007,-0.01220212727437109,-0.010139292379516286,-0.004032092602631711,-0.00964136624338815,0.000866699436399129,0.0078005524646005105,-0.003206855427257101,0.010979950064261912,-0.008293930067419089,-0.012734465926275697,-0.0007527131599978343,-0.0035827284943196038,0.25355727461572536,0.21357669275184032,-0.012351454363192136
request_month,0.3142418280103139,-0.17237541794292163,-0.02698320710009433,1.0,0.07795474814431358,-0.3264577512586684,0.3646958370556097,0.1005004216639565,0.10565138177620823,0.08051443788422095,0.05992429634378323,-0.3022593569037331,-0.01047091810578251,-0.18653479915702276,-0.2838571099788931,,,,,-0.221738504141851,-0.23190661302801746,0.19165810941206854,-0.03471306257735378,-0.01935393859346044,-0.31796705263360026,-0.011649600001517773,-0.009704048387552454,-0.005048371420584626,-0.00737892315266581,-0.005222080566565323,0.0003169876754461851,0.0024224437718035658,-0.0011174173406528042,0.011166462108352844,0.00030180569173724175,-0.002689941455307914,-0.00926131236072114,0.0040422273756763995,-0.0104708768021096,-0.18653483449134306,-0.005964718120683138
is_night,-0.4824475277624296,0.14140250138511093,-0.007294821400807575,0.07795474814431358,1.0,-0.29632722261030275,0.20416649174742368,0.04505951430568491,0.056463238605178684,0.04267771168907499,0.030479586630595166,-0.1581411384859021,-0.25819074174330203,-0.2570075594973986,-0.2474259990926313,,,,,-0.12241494028677367,-0.12855008746906718,-0.040719978751824655,-0.015696488415178882,-0.004049505335096227,-0.19520786375851526,-0.004511210346804042,-0.006313579252169515,-0.004731843937874758,-0.0032332721046052382,-0.0047689099495624495,0.002460998193321599,0.0041001103443932575,0.0016609867892380952,0.02010837887041823,-0.0023187048649324486,-0.005390511819551696,-0.005449794849255585,-0.0024449617072922138,-0.2581907312038645,-0.25700757100076704,-0.008228320216339884
requests_per_ip,0.2827185228405962,-0.08216973490999906,-0.44503663244968744,-0.3264577512586684,-0.29632722261030275,1.0,-0.39416353212076455,-0.06699476074879564,-0.0873326006800847,-0.06650623578528635,-0.0492910079470309,0.2866633519302396,0.323165590934022,0.4361588668899173,0.4921977188517657,,,,,0.5075327660683009,0.5144531820693821,-0.4684073269539469,-0.0809769869678395,-0.1678330819119468,0.5003685962244925,-0.027174986657069564,-0.03870317257549809,-0.032569689897193804,-0.015055583843188716,-0.03137289747123956,-0.008482173823618669,0.035079167520611285,-0.038748098253439625,-0.09590453139148358,-0.014338968287133987,-0.033813747780412504,-0.030655991008344322,-0.015860280009785278,0.32316556547043446,0.43615888827475563,-0.04961717369945397
ip_request_rank,-0.062485453694856655,-0.0909097772614737,0.21643556749389536,0.3646958370556097,0.20416649174742368,-0.39416353212076455,1.0,0.23259260058689118,0.3080307410073263,0.24162211071036868,0.1813192656760733,-0.66393930233325,-0.341030965161295,-0.35137450816759713,-0.34384882646054554,,,,,-0.5575926557345966,-0.5884901201626366,0.27910549885456143,0.010243281161104774,-0.0083376177956186,-0.3906783829891925,0.0033954610118240953,0.005613276644341003,0.004986852382621169,0.002173778567110169,0.004257534587447334,0.01347924828527499,-0.012758179254852167,0.020085610331493902,0.08274231435762845,0.0010503148259195226,0.003250745306632773,0.003954709634662838,0.01771599275229383,-0.3410308927098814,-0.35137457996488136,0.010258074585308773
time_since_previous_request,-0.016089377834131557,-0.014872764678696228,0.034246911641654484,0.1005004216639565,0.04505951430568491,-0.06699476074879564,0.23259260058689118,1.0,0.6357130963738363,0.5995786001296635,0.5106893895216097,-0.2302034101433501,-0.06306262842293334,-0.06312356589531076,-0.06080238245496565,,,,,-0.0966426903035066,-0.09858137920908458,0.07649691838298386,-0.003303831972110296,-0.006378358715929044,-0.0771143135582143,-0.0010493679924408052,-0.0015275185867499026,-0.0012977652835822237,-0.0005871464824160073,-0.0012448853734647331,-0.00033582417948742647,0.0013742726863927648,-0.0012461665142235432,-0.0023276528559002113,-0.000533714379292493,-0.0013169598057078858,-0.0012187061597992684,-0.0005279756106303958,-0.06306258828550959,-0.06312361024660697,-0.0019125316028164446
mean_inter_request_time_ip,-0.019868390288626792,-0.019030699670540302,0.04635191881337962,0.10565138177620823,0.056463238605178684,-0.0873326006800847,0.3080307410073263,0.6357130963738363,1.0,0.9735593541519766,0.8939491887324934,-0.27729115144203187,-0.08218145384942066,-0.08227090003896545,-0.079249350630378,,,,,-0.1191237549506047,-0.12168477189758078,0.10788027533843218,-0.004411973579501553,-0.008485561204500601,-0.10083391371433437,-0.0009153661899500235,-0.0017174910913215216,-0.0014570397597245906,-0.000748053425672097,-0.0014395387909539818,0.0001691995207179777,0.0014536260901851343,-0.0013390467893716002,-0.0019905910891160265,-0.0006256746956439704,-0.001614709092198229,-0.0013493215220002277,-0.0005419878563107165,-0.08218141050317972,-0.08227094667876642,-0.0022181259075202213
median_inter_request_time_ip,-0.015537472297918301,-0.01344878619214846,0.0350845659429522,0.08051443788422095,0.04267771168907499,-0.06650623578528635,0.24162211071036868,0.5995786001296635,0.9735593541519766,1.0,0.9255208260816071,-0.2279110933186135,-0.06259377159831592,-0.06265433339226836,-0.060350427540677105,,,,,-0.0899411682367333,-0.0913757734220823,0.09152093001797805,-0.003512814400754165,-0.006786872242564173,-0.07716465382560007,-0.0010799624756423884,-0.0015300275105868983,-0.0012938364781153807,-0.0005827885138679138,-0.0012456027497104321,-0.00033320632718174514,0.0013784334899875719,-0.0012993349529654323,-0.0023823538118258286,-0.00048514508402151075,-0.0013529889569693196,-0.001214374549482849,-0.0006040731704414095,-0.0625937322349994,-0.06265437642042859,-0.001943451865501694
min_inter_request_time_ip,-0.010125014208045931,-0.008630945293853703,0.02473541685621331,0.05992429634378323,0.030479586630595166,-0.0492910079470309,0.1813192656760733,0.5106893895216097,0.8939491887324934,0.9255208260816071,1.0,-0.1693381298171103,-0.046388936913807945,-0.04643376423830402,-0.04472629977433711,,,,,-0.062074160955381666,-0.06302596750472676,0.06639539319591865,-0.0026727042642673794,-0.005029830330308848,-0.05735566519741847,-0.0008052506498789577,-0.0011345858368609592,-0.0009588973150703958,-0.00043191014241070956,-0.0009231488949096885,-0.00024726834348819484,0.0010174004945328265,-0.0009880906453051464,-0.001926807115210246,-0.00032139524929600407,-0.0010030338954666442,-0.0008999854984899716,-0.00046502945124229087,-0.046388907388536495,-0.046433796863703546,-0.001435016588138345
rapid_request_flag,0.04634304054818282,0.07582396990711136,-0.16043797529827863,-0.3022593569037331,-0.1581411384859021,0.2866633519302396,-0.66393930233325,-0.2302034101433501,-0.27729115144203187,-0.2279110933186135,-0.1693381298171103,1.0,0.27034692368794705,0.27037798851755485,0.2604688756087037,,,,,0.47782532861045357,0.49635408389258584,-0.1742423977675315,0.010054765072914704,-0.014992991002624467,0.20141354134711648,0.009141366246012054,0.005744525777811929,0.004146700399585162,0.0017239693844764601,0.003937070872181861,0.0007934182822066776,0.0007516618825862986,-0.019048371505707273,-0.06076279049805655,0.0011531707472087216,0.00331149105237505,0.003991811749749587,-0.005951191602271174,0.2703467882047181,0.2703781254961371,0.003067600375202488
requests_per_ip_1min,-0.18604151472429212,-0.23347590372940313,0.2535572452643589,-0.01047091810578251,-0.25819074174330203,0.323165590934022,-0.341030965161295,-0.06306262842293334,-0.08218145384942066,-0.06259377159831592,-0.046388936913807945,0.27034692368794705,1.0,0.9118506057329048,0.8306061103807444,,,,,0.4273908287930813,0.43435692543502397,0.3184093255954952,-0.06666104915590812,-0.15427628229359078,0.0013368896888286378,-0.024328598223318013,-0.0353386589526153,-0.03011828223232667,-0.01327035844452429,-0.028997813369823256,-0.00792589294854877,0.03247738146741794,-0.035606227503503306,-0.08803128581160714,-0.01366271871772598,-0.03162715403157044,-0.02649210555637881,-0.01497959617831295,0.9999999999997649,0.9118506087964401,-0.0452265475594323
requests_per_ip_5min,-0.23364651630545558,-0.20120963902165628,0.21357672076966155,-0.18653479915702276,-0.2570075594973986,0.4361588668899173,-0.35137450816759713,-0.06312356589531076,-0.08227090003896545,-0.06265433339226836,-0.04643376423830402,0.27037798851755485,0.9118506057329048,1.0,0.9668025703549357,,,,,0.4407209042550786,0.44758942043769334,0.2379810573956355,-0.06799377921950567,-0.15922807376550366,0.08012520666744145,-0.024347404300418988,-0.035541992852346965,-0.03040505038589882,-0.013143318166329881,-0.029257348610403196,-0.008103428360457582,0.032785721499650776,-0.035918443221023194,-0.08889776291287775,-0.013791144420373882,-0.03200946618142132,-0.02696104241726486,-0.015003728575181289,0.9118506026696297,0.9999999999996535,-0.045802998838337806
requests_per_ip_10min,-0.243878484835079,-0.15987918923292177,0.17373041253769606,-0.2838571099788931,-0.2474259990926313,0.4921977188517657,-0.34384882646054554,-0.06080238245496565,-0.079249350630378,-0.060350427540677105,-0.04472629977433711,0.2604688756087037,0.8306061103807444,0.9668025703549357,1.0,,,,,0.43666179248334835,0.44316597872946584,0.17041942572526575,-0.06663294726002088,-0.15559772269861233,0.12264118189099305,-0.02339337052563356,-0.03430474606052275,-0.029428809662401228,-0.012553680133774678,-0.028319396721651464,-0.007843295294076149,0.03174699369802034,-0.034793765788906215,-0.08618434852957259,-0.013336622576917983,-0.03105361067407029,-0.02666955044197853,-0.014495265806233951,0.8306061058102263,0.9668025702278534,-0.04471012457144951
status_404_count_ip,,,,,,,,,,,,,,,,,,,,,,,,,,,,,,,,,,,,,,,,,
status_404_ratio_ip,,,,,,,,,,,,,,,,,,,,,,,,,,,,,,,,,,,,,,,,,
error_status_ratio_ip,,,,,,,,,,,,,,,,,,,,,,,,,,,,,,,,,,,,,,,,,
high_404_activity_flag,,,,,,,,,,,,,,,,,,,,,,,,,,,,,,,,,,,,,,,,,
is_bot,0.16259674715915823,0.16938660768031596,-0.3138824357425506,-0.221738504141851,-0.12241494028677367,0.5075327660683009,-0.5575926557345966,-0.0966426903035066,-0.1191237549506047,-0.0899411682367333,-0.062074160955381666,0.47782532861045357,0.4273908287930813,0.4407209042550786,0.43666179248334835,,,,,1.0,0.9871160225353837,-0.5145698284099899,0.006944080676917395,-0.2611578647992482,-0.12790406483309186,-0.008617794930531704,-0.031019352532314384,-0.037153600992542966,0.004394522154467632,-0.03528467588057065,-0.013117707955291295,0.041562465835609096,-0.04653635869983326,-0.12968876511210295,-0.024618482654197617,-0.05051521772350167,-0.03276856295569302,-0.027064122346014078,0.4273907804334326,0.44072095201032885,-0.06831743152069802
is_scanner,0.16253620992288004,0.17050561799510727,-0.3174381547681346,-0.23190661302801746,-0.12855008746906718,0.5144531820693821,-0.5884901201626366,-0.09858137920908458,-0.12168477189758078,-0.0913757734220823,-0.06302596750472676,0.49635408389258584,0.43435692543502397,0.44758942043769334,0.44316597872946584,,,,,0.9871160225353837,1.0,-0.5058803812985229,0.007477192036000936,-0.25777604320312714,-0.1133491886299521,-0.00985359363160228,-0.030908798983178415,-0.03738967909089321,0.004455688782908456,-0.03503006128511471,-0.015672367763113208,0.042140238888097925,-0.047004067514051825,-0.13137785523348455,-0.025805543663892642,-0.049802666219834306,-0.03273137888359227,-0.02732371803337213,0.43435687499919945,0.4475894705242165,-0.06824014164575648
user_agent_length,-0.417445368926936,-0.2971954021820769,0.6562122422834841,0.19165810941206854,-0.040719978751824655,-0.4684073269539469,0.27910549885456143,0.07649691838298386,0.10788027533843218,0.09152093001797805,0.06639539319591865,-0.1742423977675315,0.3184093255954952,0.2379810573956355,0.17041942572526575,,,,,-0.5145698284099899,-0.5058803812985229,1.0,0.03355832220175341,0.10290685779748236,-0.1273790896348675,0.00999409312862995,0.018551956149375652,0.017062905794850376,0.0047777255224595175,0.01665550066066362,0.006297316136485178,-0.020233628964106406,0.02381053145361341,0.07510903135948827,0.006767303904844404,0.019631842989996824,0.02106962283342636,0.004486938956906083,0.31840935579058866,0.23798103011965185,0.028858029301071855
unique_user_agents_per_ip,0.06146017945278717,-0.16689948227900758,-0.01939611447635786,-0.03471306257735378,-0.015696488415178882,-0.0809769869678395,0.010243281161104774,-0.003303831972110296,-0.004411973579501553,-0.003512814400754165,-0.0026727042642673794,0.010054765072914704,-0.06666104915590812,-0.06799377921950567,-0.06663294726002088,,,,,0.006944080676917395,0.007477192036000936,0.03355832220175341,1.0,0.3755853501204323,-0.06967670330814246,0.2824647791633155,0.27204619508100036,0.1520078671434475,0.21507881611711716,0.15144124731360148,0.005262630914850726,-0.14542079389514184,0.15862333674061666,0.2914155414567416,0.016296811060647586,0.08529253978310515,0.12856219965739718,0.022997502892618732,-0.0666610536217721,-0.06799377495743363,0.14475915008865506
unique_urls_per_ip,-0.06820614411138087,-0.13610038691762646,-0.004683829606711836,-0.01935393859346044,-0.004049505335096227,-0.1678330819119468,-0.0083376177956186,-0.006378358715929044,-0.008485561204500601,-0.006786872242564173,-0.005029830330308848,-0.014992991002624467,-0.15427628229359078,-0.15922807376550366,-0.15559772269861233,,,,,-0.2611578647992482,-0.25777604320312714,0.10290685779748236,0.3755853501204323,1.0,0.31527323431563775,0.14025198423382568,0.19253241634748117,0.16398026148429576,0.06987448210566473,0.15772919581340594,0.02618926260943929,-0.16180831017606584,0.13925154643591198,0.26734210037949707,0.08337665701210108,0.17838372433618163,0.104849181359802,0.06032718055740703,-0.1542762915240831,-0.15922806422141933,0.22292742547713001
unique_ports_per_ip,0.06050766499686814,-0.07875762600967517,-0.23756910863530237,-0.31796705263360026,-0.19520786375851526,0.5003685962244925,-0.3906783829891925,-0.0771143135582143,-0.10083391371433437,-0.07716465382560007,-0.05735566519741847,0.20141354134711648,0.0013368896888286378,0.08012520666744145,0.12264118189099305,,,,,-0.12790406483309186,-0.1133491886299521,-0.1273790896348675,-0.06967670330814246,0.31527323431563775,1.0,-0.003114812366725154,0.013200499720120903,0.025902455356813743,-0.01740406064393976,0.023714260548390556,0.004256933806996568,-0.02291463009944147,0.013178865005050706,0.00830245219430989,0.028466266848783738,0.044935119844262274,0.022767825453191805,0.012543513343619613,0.0013368658390199802,0.08012522667692566,0.055292824181018614
url_entropy,0.015695712790715903,-0.03511791004033179,-0.011275253713619007,-0.011649600001517773,-0.004511210346804042,-0.027174986657069564,0.0033954610118240953,-0.0010493679924408052,-0.0009153661899500235,-0.0010799624756423884,-0.0008052506498789577,0.009141366246012054,-0.024328598223318013,-0.024347404300418988,-0.02339337052563356,,,,,-0.008617794930531704,-0.00985359363160228,0.00999409312862995,0.2824647791633155,0.14025198423382568,-0.003114812366725154,1.0,0.4407387518063033,0.11138306813098017,0.3884153429807382,0.08098744107905198,0.2364494485322578,0.012557849357348553,0.1281328556922489,0.374014528322875,-0.0002444735990404903,0.07003395891280216,0.003767304459661279,0.008922102824541292,-0.024328599969072103,-0.024347403013999395,0.05135377172390127
url_length,0.00861945777562468,-0.03908266000157045,-0.01220212727437109,-0.009704048387552454,-0.006313579252169515,-0.03870317257549809,0.005613276644341003,-0.0015275185867499026,-0.0017174910913215216,-0.0015300275105868983,-0.0011345858368609592,0.005744525777811929,-0.0353386589526153,-0.035541992852346965,-0.03430474606052275,,,,,-0.031019352532314384,-0.030908798983178415,0.018551956149375652,0.27204619508100036,0.19253241634748117,0.013200499720120903,0.4407387518063033,1.0,0.9106182944795231,0.2946754752129029,0.9056700348095917,0.12401428337158384,-0.7754003428277172,0.24988087535228087,0.38403294118346465,-0.0003498371594893063,0.5907767874703659,0.007609934648338511,0.0022539430196781246,-0.03533866101843455,-0.035541991458917475,0.396840212864392
path_depth,-0.0007498502844341741,-0.022479174378495878,-0.010139292379516286,-0.005048371420584626,-0.004731843937874758,-0.032569689897193804,0.004986852382621169,-0.0012977652835822237,-0.0014570397597245906,-0.0012938364781153807,-0.0009588973150703958,0.004146700399585162,-0.03011828223232667,-0.03040505038589882,-0.029428809662401228,,,,,-0.037153600992542966,-0.03738967909089321,0.017062905794850376,0.1520078671434475,0.16398026148429576,0.025902455356813743,0.11138306813098017,0.9106182944795231,1.0,0.11086279975990775,0.9946770837645058,0.06591838329852273,-0.86606082685847,0.2220328736948218,0.2843785835525437,-0.0002961163759574014,0.7113769434122288,0.002048396216674744,-0.0003205374454180564,-0.0301182840552123,-0.03040504942128403,0.4727187823336152
number_of_query_parameters,0.014547633050485644,-0.03074364507349297,-0.004032092602631711,-0.00737892315266581,-0.0032332721046052382,-0.015055583843188716,0.002173778567110169,-0.0005871464824160073,-0.000748053425672097,-0.0005827885138679138,-0.00043191014241070956,0.0017239693844764601,-0.01327035844452429,-0.013143318166329881,-0.012553680133774678,,,,,0.004394522154467632,0.004455688782908456,0.0047777255224595175,0.21507881611711716,0.06987448210566473,-0.01740406064393976,0.3884153429807382,0.2946754752129029,0.11086279975990775,1.0,0.13782954601423567,0.00037938687154105585,-0.12935357983823728,0.07897112189993709,0.1779298970812308,-0.0001333778517726783,-0.0003113068082928423,0.002121611902602447,-0.00014437768172845443,-0.013270357574030521,-0.01314331830963846,0.0009736510366926984
special_character_count,-0.00024110391639970728,-0.022764145143950282,-0.00964136624338815,-0.005222080566565323,-0.0047689099495624495,-0.03137289747123956,0.004257534587447334,-0.0012448853734647331,-0.0014395387909539818,-0.0012456027497104321,-0.0009231488949096885,0.003937070872181861,-0.028997813369823256,-0.029257348610403196,-0.028319396721651464,,,,,-0.03528467588057065,-0.03503006128511471,0.01665550066066362,0.15144124731360148,0.15772919581340594,0.023714260548390556,0.08098744107905198,0.9056700348095917,0.9946770837645058,0.13782954601423567,1.0,0.0592168472607446,-0.8680853722253048,0.21912870631289114,0.2697550137699679,-0.0002850794640929592,0.6971243596981286,0.0020329420099984468,0.0009629003949903156,-0.02899781515452269,-0.029257347647987996,0.46365735911715494
digit_ratio,-0.002478891114643187,-0.004202950623771514,0.000866699436399129,0.0003169876754461851,0.002460998193321599,-0.008482173823618669,0.01347924828527499,-0.00033582417948742647,0.0001691995207179777,-0.00033320632718174514,-0.00024726834348819484,0.0007934182822066776,-0.00792589294854877,-0.008103428360457582,-0.007843295294076149,,,,,-0.013117707955291295,-0.015672367763113208,0.006297316136485178,0.005262630914850726,0.02618926260943929,0.004256933806996568,0.2364494485322578,0.12401428337158384,0.06591838329852273,0.00037938687154105585,0.0592168472607446,1.0,-0.24216142086569914,0.036508939773788836,0.10381566927429979,-7.635875435057784e-05,0.016148565684759995,5.908565878295153e-05,-8.265615157449805e-05,-0.007925893497875043,-0.008103428288152014,0.010695423129751528
letter_ratio,0.0014542286091411762,0.02393745532340906,0.0078005524646005105,0.0024224437718035658,0.0041001103443932575,0.035079167520611285,-0.012758179254852167,0.0013742726863927648,0.0014536260901851343,0.0013784334899875719,0.0010174004945328265,0.0007516618825862986,0.03247738146741794,0.032785721499650776,0.03174699369802034,,,,,0.041562465835609096,0.042140238888097925,-0.020233628964106406,-0.14542079389514184,-0.16180831017606584,-0.02291463009944147,0.012557849357348553,-0.7754003428277172,-0.86606082685847,-0.12935357983823728,-0.8680853722253048,-0.24216142086569914,1.0,-0.19968433304508063,-0.28496439259839196,0.0003179280744769426,-0.6954635091790445,1.7906968683354617e-05,-0.0019803064414190045,0.03247738274261685,0.03278572050776859,-0.4616395314492972
payload_length,0.001623159649580958,-0.02688408750486956,-0.003206855427257101,-0.0011174173406528042,0.0016609867892380952,-0.038748098253439625,0.020085610331493902,-0.0012461665142235432,-0.0013390467893716002,-0.0012993349529654323,-0.0009880906453051464,-0.019048371505707273,-0.035606227503503306,-0.035918443221023194,-0.034793765788906215,,,,,-0.04653635869983326,-0.047004067514051825,0.02381053145361341,0.15862333674061666,0.13925154643591198,0.013178865005050706,0.1281328556922489,0.24988087535228087,0.2220328736948218,0.07897112189993709,0.21912870631289114,0.036508939773788836,-0.19968433304508063,1.0,0.4600020933180955,0.20742773087610034,0.18699276256460082,0.23619289631032322,0.11563546127490343,-0.03560622588697575,-0.035918443716734735,0.3590669801603587
payload_entropy,-0.003363662256590371,-0.04868906051603128,0.010979950064261912,0.011166462108352844,0.02010837887041823,-0.09590453139148358,0.08274231435762845,-0.0023276528559002113,-0.0019905910891160265,-0.0023823538118258286,-0.001926807115210246,-0.06076279049805655,-0.08803128581160714,-0.08889776291287775,-0.08618434852957259,,,,,-0.12968876511210295,-0.13137785523348455,0.07510903135948827,0.2914155414567416,0.26734210037949707,0.00830245219430989,0.374014528322875,0.38403294118346465,0.2843785835525437,0.1779298970812308,0.2697550137699679,0.10381566927429979,-0.28496439259839196,0.4600020933180955,1.0,0.20035808049119047,0.30660859289541165,0.4218059207692069,0.18551498411213752,-0.08803128175134346,-0.0888977654095601,0.568313768431454
contains_sql_keyword,-0.005261846413948698,0.004731827124839601,-0.008293930067419089,0.00030180569173724175,-0.0023187048649324486,-0.014338968287133987,0.0010503148259195226,-0.000533714379292493,-0.0006256746956439704,-0.00048514508402151075,-0.00032139524929600407,0.0011531707472087216,-0.01366271871772598,-0.013791144420373882,-0.013336622576917983,,,,,-0.024618482654197617,-0.025805543663892642,0.006767303904844404,0.016296811060647586,0.08337665701210108,0.028466266848783738,-0.0002444735990404903,-0.0003498371594893063,-0.0002961163759574014,-0.0001333778517726783,-0.0002850794640929592,-7.635875435057784e-05,0.0003179280744769426,0.20742773087610034,0.20035808049119047,1.0,-0.00030974615573013133,0.031091465238386802,-0.0001436538832344964,-0.013662719405266085,-0.013791143005334697,0.3025011444522574
contains_path_traversal,-0.007930396821487546,-0.008843307677057785,-0.012734465926275697,-0.002689941455307914,-0.005390511819551696,-0.033813747780412504,0.003250745306632773,-0.0013169598057078858,-0.001614709092198229,-0.0013529889569693196,-0.0010030338954666442,0.00331149105237505,-0.03162715403157044,-0.03200946618142132,-0.03105361067407029,,,,,-0.05051521772350167,-0.049802666219834306,0.019631842989996824,0.08529253978310515,0.17838372433618163,0.044935119844262274,0.07003395891280216,0.5907767874703659,0.7113769434122288,-0.0003113068082928423,0.6971243596981286,0.016148565684759995,-0.6954635091790445,0.18699276256460082,0.30660859289541165,-0.00030974615573013133,1.0,-0.0006486803284614725,0.051677560951347415,-0.03162715661373972,-0.03200946477100602,0.6784824368081043
contains_script_tag,-0.00020862963735816963,-0.029727723061378504,-0.0007527131599978343,-0.00926131236072114,-0.005449794849255585,-0.030655991008344322,0.003954709634662838,-0.0012187061597992684,-0.0013493215220002277,-0.001214374549482849,-0.0008999854984899716,0.003991811749749587,-0.02649210555637881,-0.02696104241726486,-0.02666955044197853,,,,,-0.03276856295569302,-0.03273137888359227,0.02106962283342636,0.12856219965739718,0.104849181359802,0.022767825453191805,0.003767304459661279,0.007609934648338511,0.002048396216674744,0.002121611902602447,0.0020329420099984468,5.908565878295153e-05,1.7906968683354617e-05,0.23619289631032322,0.4218059207692069,0.031091465238386802,-0.0006486803284614725,1.0,-0.0003008445671962458,-0.02649210653447485,-0.02696104155278807,0.603334683028111
contains_command_separator,0.00176501167336766,0.00034992949354435276,-0.0035827284943196038,0.0040422273756763995,-0.0024449617072922138,-0.015860280009785278,0.01771599275229383,-0.0005279756106303958,-0.0005419878563107165,-0.0006040731704414095,-0.00046502945124229087,-0.005951191602271174,-0.01497959617831295,-0.015003728575181289,-0.014495265806233951,,,,,-0.027064122346014078,-0.02732371803337213,0.004486938956906083,0.022997502892618732,0.06032718055740703,0.012543513343619613,0.008922102824541292,0.0022539430196781246,-0.0003205374454180564,-0.00014437768172845443,0.0009629003949903156,-8.265615157449805e-05,-0.0019803064414190045,0.11563546127490343,0.18551498411213752,-0.0001436538832344964,0.051677560951347415,-0.0003008445671962458,1.0,-0.01497959689868267,-0.015003727849145075,0.34173144770511554
request_rate_1min,-0.1860415253869647,-0.23347591795575057,0.25355727461572536,-0.0104708768021096,-0.2581907312038645,0.32316556547043446,-0.3410308927098814,-0.06306258828550959,-0.08218141050317972,-0.0625937322349994,-0.046388907388536495,0.2703467882047181,0.9999999999997649,0.9118506026696297,0.8306061058102263,,,,,0.4273907804334326,0.43435687499919945,0.31840935579058866,-0.0666610536217721,-0.1542762915240831,0.0013368658390199802,-0.024328599969072103,-0.03533866101843455,-0.0301182840552123,-0.013270357574030521,-0.02899781515452269,-0.007925893497875043,0.03247738274261685,-0.03560622588697575,-0.08803128175134346,-0.013662719405266085,-0.03162715661373972,-0.02649210653447485,-0.01497959689868267,1.0,0.9118506057331174,-0.045226550270618684
request_rate_5min,-0.23364650395947398,-0.20120962394912606,0.21357669275184032,-0.18653483449134306,-0.25700757100076704,0.43615888827475563,-0.35137457996488136,-0.06312361024660697,-0.08227094667876642,-0.06265437642042859,-0.046433796863703546,0.2703781254961371,0.9118506087964401,0.9999999999996535,0.9668025702278534,,,,,0.44072095201032885,0.4475894705242165,0.23798103011965185,-0.06799377495743363,-0.15922806422141933,0.08012522667692566,-0.024347403013999395,-0.035541991458917475,-0.03040504942128403,-0.01314331830963846,-0.029257347647987996,-0.008103428288152014,0.03278572050776859,-0.035918443716734735,-0.0888977654095601,-0.013791143005334697,-0.03200946477100602,-0.02696104155278807,-0.015003727849145075,0.9118506057331174,1.0,-0.045802996763152894
failed_pattern_count,-0.00633504962906804,-0.02209949208603407,-0.012351454363192136,-0.005964718120683138,-0.008228320216339884,-0.04961717369945397,0.010258074585308773,-0.0019125316028164446,-0.0022181259075202213,-0.001943451865501694,-0.001435016588138345,0.003067600375202488,-0.0452265475594323,-0.045802998838337806,-0.04471012457144951,,,,,-0.06831743152069802,-0.06824014164575648,0.028858029301071855,0.14475915008865506,0.22292742547713001,0.055292824181018614,0.05135377172390127,0.396840212864392,0.4727187823336152,0.0009736510366926984,0.46365735911715494,0.010695423129751528,-0.4616395314492972,0.3590669801603587,0.568313768431454,0.3025011444522574,0.6784824368081043,0.603334683028111,0.34173144770511554,-0.045226550270618684,-0.045802996763152894,1.0
