feature,count,mean,std,min,25%,50%,75%,max
request_hour,1492182.0,12.089871074708045,4.663888771601409,0.0,7.0,14.0,15.0,23.0
request_day_of_week,1492182.0,3.1839226046152547,0.8186948759899275,0.0,3.0,3.0,4.0,6.0
request_day,1492182.0,11.88031017664065,5.284378069235841,1.0,8.0,9.0,18.0,31.0
request_month,1492182.0,2.412457059527591,2.1848527639511737,1.0,1.0,2.0,2.0,12.0
is_night,1492182.0,0.07234439230603237,0.2590573800971447,0.0,0.0,0.0,0.0,1.0
requests_per_ip,1492182.0,258272.1682891229,195463.6130087634,1.0,86835.0,268627.0,503966.0,503966.0
ip_request_rank,1492182.0,14.564835254680728,43.38283429123598,1.0,1.0,2.0,5.0,227.0
time_since_previous_request,1492182.0,22343.393740173786,440586.38297158113,0.0,0.0,0.0,0.0,34425701.0
mean_inter_request_time_ip,1492182.0,31402.38006666933,475043.14137932233,0.0,0.022813092179020368,0.022813092179020368,0.05368824723663433,34425701.0
median_inter_request_time_ip,1492182.0,22951.349519361578,455964.04167168436,0.0,0.0,0.0,0.0,34425701.0
min_inter_request_time_ip,1492182.0,14853.435176138031,398168.45886497106,0.0,0.0,0.0,0.0,34425701.0
rapid_request_flag,1492182.0,0.9537161016551601,0.21009933051022556,0.0,1.0,1.0,1.0,1.0
requests_per_ip_1min,1492182.0,2886.753769982482,2320.6262124134914,1.0,1151.0,2681.0,4360.0,9229.0
requests_per_ip_5min,1492182.0,13151.74554377415,10565.178143619862,1.0,5625.0,11143.0,18040.0,34081.0
requests_per_ip_10min,1492182.0,24519.507381807314,20449.909920970462,1.0,11047.0,17722.5,35351.0,66814.0
status_404_count_ip,1492182.0,0.0,0.0,0.0,0.0,0.0,0.0,0.0
status_404_ratio_ip,1492182.0,0.0,0.0,0.0,0.0,0.0,0.0,0.0
error_status_ratio_ip,1492182.0,0.0,0.0,0.0,0.0,0.0,0.0,0.0
high_404_activity_flag,1492182.0,0.0,0.0,0.0,0.0,0.0,0.0,0.0
is_bot,1492182.0,0.8654983105278042,0.3411906549354847,0.0,1.0,1.0,1.0,1.0
is_scanner,1492182.0,0.8624504249481632,0.3444267250893391,0.0,1.0,1.0,1.0,1.0
user_agent_length,1492182.0,40.11983055686237,39.258320152426,1.0,12.0,12.0,83.0,524.0
unique_user_agents_per_ip,1492182.0,15.238003139027278,193.67500520954022,1.0,1.0,3.0,5.0,3631.0
unique_urls_per_ip,1492182.0,2.262014955280254,9.359891901255082,1.0,1.0,1.0,1.0,81.0
unique_ports_per_ip,1492182.0,3602.614792297454,2341.4854903349487,1.0,2649.0,2918.0,5362.0,11651.0
url_entropy,1492182.0,2.406336682991753,0.03471357442138146,0.0,2.4056,2.4056,2.4056,4.7514
url_length,1492182.0,8.024180696456598,0.796257479798343,1.0,8.0,8.0,8.0,106.0
path_depth,1492182.0,1.0053545747100554,0.2083114848662269,1.0,1.0,1.0,1.0,21.0
number_of_query_parameters,1492182.0,0.0001340319076359318,0.011576443015643867,0.0,0.0,0.0,0.0,1.0
special_character_count,1492182.0,1.0146456665473782,0.5918257619795569,1.0,1.0,1.0,1.0,62.0
digit_ratio,1492182.0,1.6488404229510876e-05,0.002487542152162869,0.0,0.0,0.0,0.0,0.5789
letter_ratio,1492182.0,0.8746051643834332,0.01430665484632636,0.0,0.875,0.875,0.875,0.9333
payload_length,1492182.0,0.12521327827302567,4.133651482000982,0.0,0.0,0.0,0.0,4127.0
payload_entropy,1492182.0,0.01723826383108763,0.23126195788203796,0.0,0.0,0.0,0.0,5.9643
contains_sql_keyword,1492182.0,0.0001326915885595725,0.011518423087154412,0.0,0.0,0.0,0.0,1.0
contains_path_traversal,1492182.0,0.0007224319821576724,0.02686839328996199,0.0,0.0,0.0,0.0,1.0
contains_script_tag,1492182.0,0.000581698479139944,0.024111418366068626,0.0,0.0,0.0,0.0,1.0
contains_command_separator,1492182.0,0.0001554770128576809,0.012468076994245217,0.0,0.0,0.0,0.0,1.0
request_rate_1min,1492182.0,48.11256390038213,38.6771022099456,0.0167,19.1833,44.6833,72.6667,153.8167
request_rate_5min,1492182.0,43.83915081839883,35.21726171485899,0.0033,18.75,37.1433,60.1333,113.6033
failed_pattern_count,1492182.0,0.00159229906271487,0.040522058077233025,0.0,0.0,0.0,0.0,2.0
ua_bot,1492182.0,0.00011258680241418272,0.010610099060271782,0.0,0.0,0.0,0.0,1.0
ua_browser,1492182.0,0.11214784791667505,0.3155483716526483,0.0,0.0,0.0,0.0,1.0
ua_scanner,1492182.0,0.8624504249481632,0.3444267250893391,0.0,1.0,1.0,1.0,1.0
ua_script,1492182.0,0.0029352987772269068,0.054098842498347635,0.0,0.0,0.0,0.0,1.0
ua_unknown,1492182.0,0.02235384155552071,0.1478315323907808,0.0,0.0,0.0,0.0,1.0
