feature_name,data_type,missing_count,missing_percentage,min_value,max_value,mean_value,std_deviation,unique_values
request_hour,int64,0,0.00%,0.0,23.0,12.0899,4.6639,24
request_day_of_week,int64,0,0.00%,0.0,6.0,3.1839,0.8187,7
request_day,int64,0,0.00%,1.0,31.0,11.8803,5.2844,31
request_month,int64,0,0.00%,1.0,12.0,2.4125,2.1849,12
is_night,int64,0,0.00%,0.0,1.0,0.0723,0.2591,2
requests_per_ip,int64,0,0.00%,1.0,503966.0,258272.1683,195463.613,227
ip_request_rank,int64,0,0.00%,1.0,227.0,14.5648,43.3828,227
requests_per_ip_1min,int32,0,0.00%,1.0,9229.0,2886.7538,2320.6262,9229
requests_per_ip_5min,int32,0,0.00%,1.0,34081.0,13151.7455,10565.1781,34081
requests_per_ip_10min,int32,0,0.00%,1.0,66814.0,24519.5074,20449.9099,66814
unique_urls_per_ip,int64,0,0.00%,1.0,81.0,2.262,9.3599,12
unique_ports_per_ip,int64,0,0.00%,1.0,11651.0,3602.6148,2341.4855,206
unique_user_agents_per_ip,int64,0,0.00%,1.0,3631.0,15.238,193.675,43
time_since_previous_request,float64,16680,1.12%,0.0,34425701.0,22343.3937,440586.383,23618
mean_inter_request_time_ip,float64,0,0.00%,0.0,34425701.0,31402.3801,475043.1414,5436
median_inter_request_time_ip,float64,0,0.00%,0.0,34425701.0,22951.3495,455964.0417,3868
min_inter_request_time_ip,float64,0,0.00%,0.0,34425701.0,14853.4352,398168.4589,3258
max_inter_request_time_ip,float64,0,0.00%,0.0,34425701.0,278140.7737,1480299.9658,5056
rapid_request_flag,int64,0,0.00%,0.0,1.0,0.9537,0.2101,2
status_404_count_ip,int64,0,0.00%,0.0,0.0,0.0,0.0,1
status_403_count_ip,int64,0,0.00%,0.0,0.0,0.0,0.0,1
status_500_count_ip,int64,0,0.00%,0.0,0.0,0.0,0.0,1
status_404_ratio_ip,float64,0,0.00%,0.0,0.0,0.0,0.0,1
status_403_ratio_ip,float64,0,0.00%,0.0,0.0,0.0,0.0,1
error_status_ratio_ip,float64,0,0.00%,0.0,0.0,0.0,0.0,1
high_404_activity_flag,int64,0,0.00%,0.0,0.0,0.0,0.0,1
is_bot,int64,0,0.00%,0.0,1.0,0.8655,0.3412,2
is_scanner,int64,0,0.00%,0.0,1.0,0.8625,0.3444,2
user_agent_length,int64,0,0.00%,1.0,524.0,40.1198,39.2583,213
url_entropy,float64,0,0.00%,0.0,4.7514,2.4063,0.0347,146
url_length,int64,0,0.00%,1.0,106.0,8.0242,0.7963,59
path_depth,int64,0,0.00%,1.0,21.0,1.0054,0.2083,21
query_parameter_count,int64,0,0.00%,0.0,1.0,0.0001,0.0116,2
special_character_count,int64,0,0.00%,1.0,62.0,1.0146,0.5918,42
digit_ratio,float64,0,0.00%,0.0,0.5789,0.0,0.0025,25
letter_ratio,float64,0,0.00%,0.0,0.9333,0.8746,0.0143,107
payload_length,int64,0,0.00%,0.0,4127.0,0.1252,4.1337,115
payload_entropy,float64,0,0.00%,0.0,5.9643,0.0172,0.2313,813
contains_sql_keyword,int64,0,0.00%,0.0,1.0,0.0001,0.0115,2
contains_path_traversal,int64,0,0.00%,0.0,1.0,0.0007,0.0269,2
contains_script_tag,int64,0,0.00%,0.0,1.0,0.0006,0.0241,2
contains_command_separator,int64,0,0.00%,0.0,1.0,0.0002,0.0125,2
request_rate_1min,float64,0,0.00%,0.0167,153.8167,48.1126,38.6771,9229
request_rate_5min,float64,0,0.00%,0.0033,113.6033,43.8392,35.2173,34081
failed_pattern_count,int64,0,0.00%,0.0,2.0,0.0016,0.0405,3
ft_COUNT_requests,int64,0,0.00%,1.0,503966.0,258272.1683,195463.613,227
ft_NUM_UNIQUE_resource,int64,0,0.00%,1.0,81.0,2.262,9.3599,12
ft_NUM_UNIQUE_user_agent,int64,0,0.00%,1.0,3631.0,15.238,193.675,43
ft_NUM_UNIQUE_client_port,int64,0,0.00%,1.0,11651.0,3602.6148,2341.4855,206
ft_MEAN_client_port,float64,0,0.00%,1026.0,65530.0,44821.922,5435.3483,14632
ft_STD_client_port,float64,0,0.00%,0.0,40903.3,11214.3471,3427.9774,6602
ft_MIN_client_port,float64,0,0.00%,1025.0,65530.0,23370.6913,11399.8527,12748
ft_MAX_client_port,float64,0,0.00%,1026.0,65534.0,63611.3262,4453.8541,12566
tsfresh_mean,float64,0,0.00%,0.1448,94.2372,8.1085,10.8472,294
tsfresh_standard_deviation,float64,0,0.00%,0.0,57.9396,23.9455,2.9065,296
tsfresh_variance,float64,0,0.00%,0.0,3357.0019,581.8423,146.9324,299
tsfresh_minimum,float64,0,0.00%,0.1448,0.1448,0.1448,0.0,1
tsfresh_maximum,float64,0,0.00%,0.1448,100.4992,100.189,5.5623,63
tsfresh_median,float64,0,0.00%,0.1448,100.4992,2.0407,12.7255,94
tsfresh_abs_energy,float64,0,0.00%,0.0629,167936514.3303,2085719.5026,18240460.7569,317
tsfresh_mean_abs_change,float64,0,0.00%,0.0,100.3544,12.4153,5.057,282
ua_bot,float64,0,0.00%,0.0,1.0,0.0001,0.0106,2
ua_browser,float64,0,0.00%,0.0,1.0,0.1121,0.3155,2
ua_scanner,float64,0,0.00%,0.0,1.0,0.8625,0.3444,2
ua_script,float64,0,0.00%,0.0,1.0,0.0029,0.0541,2
ua_unknown,float64,0,0.00%,0.0,1.0,0.0224,0.1478,2
