feature,f_score,p_value,rank
failed_pattern_count,50535.082496676965,0.0,1
payload_entropy,17468.03130487773,0.0,2
payload_length,11362.502537183078,0.0,3
path_depth,9561.50115369869,0.0,4
special_character_count,9388.290082798201,0.0,5
url_length,6861.868653765235,0.0,6
unique_urls_per_ip,1479.3368053952868,0.0,7
ft_NUM_UNIQUE_resource,1479.3368053952868,0.0,8
ft_NUM_UNIQUE_user_agent,668.3021133290265,2.1530244588787337e-146,9
unique_user_agents_per_ip,668.3021133290265,2.1530244588787337e-146,10
ip_request_rank,627.7439252877109,1.0985999802118545e-137,11
is_bot,625.3504792255906,3.588839650111608e-137,12
is_scanner,608.5191457178728,1.4829159642701564e-133,13
ua_scanner,608.5191457178728,1.4829159642701564e-133,14
ft_MAX_client_port,571.603802308646,1.2795802245439524e-125,15
ua_browser,520.994538426124,9.949265618210148e-115,16
ft_COUNT_requests,258.6289089338642,4.778116703730896e-58,17
requests_per_ip,258.6289089338642,4.778116703730896e-58,18
requests_per_ip_5min,219.50345288010075,1.4789966938732055e-49,19
request_rate_5min,219.50344082008763,1.4790056133673433e-49,20
request_rate_1min,214.9692680037345,1.4281229556653454e-48,21
requests_per_ip_1min,214.96923812745476,1.4281442959057356e-48,22
max_inter_request_time_ip,209.94562835871446,1.7623211624983783e-47,23
requests_per_ip_10min,208.2789838057982,4.0568812537197516e-47,24
user_agent_length,101.4606560145079,7.681969289112588e-24,25
ua_unknown,79.02177769408453,6.342500942813444e-19,26
request_day,78.89840959283788,6.750531786326345e-19,27
ft_STD_client_port,49.31612168806308,2.206362684276964e-12,28
ft_MEAN_client_port,39.56941596610291,3.192149768120415e-10,29
rapid_request_flag,36.82223252359651,1.3033340348325817e-09,30
is_night,32.295868582719685,1.331289643815142e-08,31
tsfresh_mean,8.950765875428633,0.0027748853055137167,32
tsfresh_variance,8.71355041690522,0.0031600013333626317,33
url_entropy,8.140966126366466,0.004329398260618086,34
tsfresh_median,7.22618957648812,0.0071871340014297725,35
tsfresh_mean_abs_change,6.416750776531053,0.01130791154813535,36
tsfresh_maximum,4.60095236113554,0.03195900407813496,37
tsfresh_standard_deviation,3.5902022988944418,0.058126931363919825,38
median_inter_request_time_ip,2.0946375177108965,0.14782303548200643,39
mean_inter_request_time_ip,1.8597407931932632,0.17266085903016926,40
request_month,1.8043636598593313,0.1791919405485004,41
time_since_previous_request,1.3728283054723254,0.24133211885013453,42
ft_NUM_UNIQUE_client_port,0.9337686492495545,0.3338902288242603,43
unique_ports_per_ip,0.9337686492495545,0.3338902288242603,44
tsfresh_abs_energy,0.5352850089600464,0.4643967964456993,45
request_hour,0.5204025513770724,0.47067338880667675,46
ua_script,0.43062634558513324,0.5116847898786165,47
min_inter_request_time_ip,0.4002739157589735,0.5269507226191295,48
ft_MIN_client_port,0.21612205375147428,0.6420127637111951,49
request_day_of_week,0.0008917434573078262,0.9761771721877813,50
