feature,importance,rank
payload_length,0.22315725127319724,1
payload_entropy,0.12453909945094196,2
requests_per_ip_1min,0.08107011126242052,3
request_rate_5min,0.08061709377041915,4
failed_pattern_count,0.0640314499910704,5
ip_request_rank,0.04761179093989352,6
requests_per_ip,0.03835752310356877,7
request_rate_1min,0.034312120601602776,8
user_agent_length,0.03404732415477552,9
requests_per_ip_5min,0.03198013749026152,10
mean_inter_request_time_ip,0.030820983644826293,11
unique_ports_per_ip,0.02837469642265016,12
is_scanner,0.018863120515758076,13
requests_per_ip_10min,0.01787592029901427,14
unique_urls_per_ip,0.017592530235976782,15
ua_browser,0.012560732179483064,16
unique_user_agents_per_ip,0.011905561205388044,17
request_month,0.011283398318720135,18
ua_unknown,0.0111006826590567,19
is_bot,0.01031041539361178,20
time_since_previous_request,0.010087841869082435,21
median_inter_request_time_ip,0.009678506857106544,22
contains_script_tag,0.00828224395388527,23
request_day_of_week,0.00795795759035996,24
contains_path_traversal,0.007577147426898004,25
special_character_count,0.004688902562691329,26
request_day,0.004174145474109956,27
request_hour,0.0030917340741167484,28
min_inter_request_time_ip,0.0028961081035087555,29
path_depth,0.0022771192453401343,30
letter_ratio,0.0021721981828077912,31
url_length,0.0013474292530717368,32
ua_scanner,0.0012417728048263466,33
url_entropy,0.0009962698567207951,34
rapid_request_flag,0.0009021225565281707,35
contains_command_separator,0.0007153173446168148,36
contains_sql_keyword,0.0004809482360199915,37
is_night,0.00041665176885624227,38
ua_script,0.0003939651316659634,39
digit_ratio,0.00013806566547049345,40
number_of_query_parameters,5.28649714007059e-05,41
ua_bot,1.874415827896273e-05,42
error_status_ratio_ip,0.0,43
status_404_ratio_ip,0.0,44
status_404_count_ip,0.0,45
high_404_activity_flag,0.0,46
