date,total_requests,benign_requests,attack_requests,unique_ips,attack_rate
2023-01-08,32,3,29,4,0.9062
2023-01-09,2376,10,2366,7,0.9958
2023-01-10,4119,24,4095,4,0.9942
2023-01-11,824,27,797,9,0.9672
2023-01-12,16,0,16,1,1.0
2023-01-13,232,13,219,5,0.944
2023-01-14,217,1,216,3,0.9954
2023-01-15,13,0,13,1,1.0
2023-01-16,222,2,220,2,0.991
2023-01-17,42,0,42,3,1.0
2023-01-18,193,6,187,15,0.9689
2023-01-19,34,5,29,7,0.8529
2023-01-20,30,0,30,2,1.0
2023-01-21,73,3,70,6,0.9589
2023-01-22,90,2,88,7,0.9778
2023-01-23,67,1,66,5,0.9851
2023-01-24,698,14,684,10,0.9799
2023-01-25,84,4,80,8,0.9524
2023-01-26,28,1,27,3,0.9643
2023-01-27,602,4,598,17,0.9934
2023-01-28,4251,5,4246,49,0.9988
2023-01-29,44,2,42,5,0.9545
2023-01-30,335,13,322,6,0.9612
2023-01-31,43,2,41,5,0.9535
2023-02-01,429,10,419,9,0.9767
2023-02-02,156,2,154,3,0.9872
2023-02-03,8976,29,8947,6,0.9968
2023-02-04,80,1,79,6,0.9875
2023-02-05,21,0,21,1,1.0
2023-02-06,44,1,43,4,0.9773
2023-02-07,272,10,262,2,0.9632
2023-02-08,1,1,0,1,0.0
2023-02-09,422,2,420,7,0.9953
2023-02-10,2,2,0,2,0.0
2023-02-11,79,2,77,7,0.9747
2023-02-12,66,1,65,6,0.9848
2023-02-13,19,1,18,2,0.9474
2023-02-14,52,0,52,3,1.0
2023-02-15,15,2,13,3,0.8667
2023-02-16,13,1,12,2,0.9231
2023-02-17,4390,1,4389,38,0.9998
2023-02-18,16,4,12,4,0.75
2023-02-19,58,0,58,4,1.0
2023-02-20,44,2,42,5,0.9545
2023-02-21,48,7,41,9,0.8542
2023-02-22,22,0,22,1,1.0
2023-02-23,1,1,0,1,0.0
2023-02-24,109,2,107,7,0.9817
2023-02-25,1,1,0,1,0.0
2023-02-26,41,1,40,3,0.9756
2023-02-27,6,6,0,4,0.0
2023-02-28,227,8,219,7,0.9648
2023-03-02,19,2,17,3,0.8947
2023-03-03,21,4,17,5,0.8095
2023-03-04,1,1,0,1,0.0
2023-03-05,55,3,52,6,0.9455
2023-03-06,45,1,44,5,0.9778
2023-03-07,60,2,58,5,0.9667
2023-03-08,108,1,107,4,0.9907
2023-03-09,88,3,85,8,0.9659
2023-03-10,10105,26,10079,5,0.9974
2023-03-11,12,3,9,4,0.75
2023-03-12,11,0,11,1,1.0
2023-03-13,15,1,14,2,0.9333
2023-03-14,5,5,0,5,0.0
2023-03-15,1,1,0,1,0.0
2023-03-17,44,3,41,5,0.9318
2023-03-18,70,7,63,5,0.9
2023-03-19,58,1,57,4,0.9828
2023-03-20,18,2,16,3,0.8889
2023-03-21,11,0,11,1,1.0
2023-03-22,36,5,31,5,0.8611
2023-03-23,2,2,0,2,0.0
2023-03-24,25,4,21,6,0.84
2023-03-25,4,4,0,4,0.0
2023-03-26,17,4,13,5,0.7647
2023-03-27,30,3,27,5,0.9
2023-03-28,174,3,171,13,0.9828
2023-03-29,125,0,125,9,1.0
2023-03-30,72,2,70,7,0.9722
2023-03-31,190,3,187,14,0.9842
2023-04-01,26,1,25,3,0.9615
2023-04-02,148,3,145,10,0.9797
2023-04-03,89,2,87,7,0.9775
2023-04-04,100,0,100,7,1.0
2023-04-05,110,3,107,10,0.9727
2023-04-06,80,1,79,6,0.9875
2023-04-07,35,2,33,4,0.9429
2023-04-08,31,0,31,2,1.0
2023-04-09,16,1,15,2,0.9375
2023-04-10,48,3,45,6,0.9375
2023-04-11,16,1,15,2,0.9375
2023-04-12,52,3,49,6,0.9423
2023-04-13,39,1,38,4,0.9744
2023-04-14,48,1,47,4,0.9792
2023-04-15,47,2,45,5,0.9574
2023-04-16,25,0,25,1,1.0
2023-04-17,28,3,25,5,0.8929
2023-04-18,2,2,0,2,0.0
2023-04-19,24,3,21,2,0.875
2023-04-20,47,3,44,6,0.9362
2023-04-22,1,1,0,1,0.0
2023-04-23,17,2,15,3,0.8824
2023-04-24,3,3,0,3,0.0
2023-04-25,27,3,24,4,0.8889
2023-04-26,12,1,11,2,0.9167
2023-04-27,3,3,0,3,0.0
2023-04-28,5,5,0,3,0.0
2023-04-29,1,1,0,1,0.0
2023-04-30,13,2,11,3,0.8462
2023-05-01,1,1,0,1,0.0
2023-05-02,4,4,0,3,0.0
2023-05-03,2,2,0,2,0.0
2023-05-04,4,4,0,3,0.0
2023-05-05,13,2,11,3,0.8462
2023-05-06,14,1,13,2,0.9286
2023-05-07,2,2,0,2,0.0
2023-05-08,10,1,9,2,0.9
2023-05-09,20,3,17,4,0.85
2023-05-10,26,2,24,4,0.9231
2023-05-11,39,6,33,5,0.8462
2023-05-12,1,1,0,1,0.0
2023-05-13,70,2,68,6,0.9714
2023-05-14,25,5,20,4,0.8
2023-05-15,81,0,81,5,1.0
2023-05-16,59,5,54,7,0.9153
2023-05-17,1,1,0,1,0.0
2023-05-18,214,2,212,5,0.9907
2023-05-19,1,1,0,1,0.0
2023-05-20,4,4,0,4,0.0
2023-05-21,2,2,0,2,0.0
2023-05-22,2,2,0,2,0.0
2023-05-23,2,2,0,2,0.0
2023-05-24,20,0,20,1,1.0
2023-05-25,8,8,0,4,0.0
2023-05-26,1,1,0,1,0.0
2023-05-27,15,1,14,2,0.9333
2023-05-28,21,2,19,3,0.9048
2023-05-29,2,2,0,1,0.0
2023-05-30,15,3,12,4,0.8
2023-05-31,2,2,0,2,0.0
2023-06-01,17,1,16,2,0.9412
2023-06-02,155,2,153,5,0.9871
2023-06-03,1,1,0,1,0.0
2023-06-04,47,9,38,6,0.8085
2023-06-05,45,22,23,10,0.5111
2023-06-06,20,2,18,3,0.9
2023-06-07,10,10,0,5,0.0
2023-06-08,34,0,34,2,1.0
2023-06-09,17,3,14,4,0.8235
2023-06-10,33,0,33,3,1.0
2023-06-11,56,1,55,4,0.9821
2023-06-12,5,5,0,5,0.0
2023-06-13,22,2,20,3,0.9091
2023-06-14,19,1,18,2,0.9474
2023-06-16,14,2,12,3,0.8571
2023-06-17,21,1,20,2,0.9524
2023-06-18,15,0,15,1,1.0
2023-06-19,13,0,13,1,1.0
2023-06-20,18,3,15,4,0.8333
2023-06-21,2,2,0,1,0.0
2023-06-22,42,5,37,6,0.881
2023-06-23,19,1,18,2,0.9474
2023-06-24,4,4,0,4,0.0
2023-06-25,14,2,12,3,0.8571
2023-06-26,1,1,0,1,0.0
2023-06-27,13,4,9,5,0.6923
2023-06-28,43,3,40,4,0.9302
2023-06-29,280,0,280,1,1.0
2023-06-30,35,1,34,3,0.9714
2023-07-01,155,4,151,6,0.9742
2023-07-02,59,3,56,5,0.9492
2023-07-03,2,2,0,2,0.0
2023-07-04,226,2,224,5,0.9912
2023-07-05,1,1,0,1,0.0
2023-07-06,16,2,14,3,0.875
2023-07-07,3,3,0,3,0.0
2023-07-08,59,0,59,4,1.0
2023-07-09,1,1,0,1,0.0
2023-07-10,19,6,13,6,0.6842
2023-07-11,2,2,0,2,0.0
2023-07-12,19,0,19,1,1.0
2023-07-13,2,2,0,1,0.0
2023-07-14,1,1,0,1,0.0
2023-07-15,17,1,16,2,0.9412
2023-07-16,1,1,0,1,0.0
2023-07-17,2,2,0,2,0.0
2023-07-18,2,2,0,2,0.0
2023-07-20,1,1,0,1,0.0
2023-07-21,1,1,0,1,0.0
2023-07-22,1,1,0,1,0.0
2023-07-23,2,2,0,2,0.0
2023-07-24,26,1,25,3,0.9615
2023-07-25,5,5,0,5,0.0
2023-07-26,273,10,263,5,0.9634
2023-07-27,2,2,0,2,0.0
2023-07-28,12,3,9,4,0.75
2023-07-29,13,2,11,3,0.8462
2023-07-30,33,0,33,2,1.0
2023-07-31,19,3,16,3,0.8421
2023-08-01,22,0,22,2,1.0
2023-08-02,362,11,351,4,0.9696
2023-08-03,2,2,0,2,0.0
2023-08-05,51,3,48,6,0.9412
2023-08-06,20,1,19,2,0.95
2023-08-07,24,2,22,3,0.9167
2023-08-08,1,1,0,1,0.0
2023-08-09,14,0,14,1,1.0
2023-08-11,1,1,0,1,0.0
2023-08-12,11,2,9,2,0.8182
2023-08-13,39,2,37,4,0.9487
2023-08-15,1,1,0,1,0.0
2023-08-16,2,2,0,2,0.0
2023-08-17,2,2,0,2,0.0
2023-08-18,36,2,34,4,0.9444
2023-08-19,2,2,0,2,0.0
2023-08-20,27,1,26,3,0.963
2023-08-21,3,3,0,3,0.0
2023-08-22,2,2,0,2,0.0
2023-08-23,17,2,15,3,0.8824
2023-08-24,2,2,0,2,0.0
2023-08-25,15,5,10,6,0.6667
2023-08-26,1,1,0,1,0.0
2023-08-27,1,1,0,1,0.0
2023-08-28,3,3,0,3,0.0
2023-08-29,3,3,0,3,0.0
2023-08-30,19,1,18,2,0.9474
2023-08-31,5,5,0,4,0.0
2023-09-01,51,2,49,5,0.9608
2023-09-02,61,6,55,5,0.9016
2023-09-03,18,1,17,2,0.9444
2023-09-04,25,1,24,2,0.96
2023-09-05,36,3,33,4,0.9167
2023-09-06,3,3,0,2,0.0
2023-09-07,3,3,0,2,0.0
2023-09-08,3,3,0,2,0.0
2023-09-09,1,1,0,1,0.0
2023-09-10,3,3,0,3,0.0
2023-09-11,22,1,21,2,0.9545
2023-09-12,2,2,0,2,0.0
2023-09-13,343,343,0,4,0.0
2023-09-14,203,203,0,7,0.0
2023-09-16,1,1,0,1,0.0
2023-09-17,1,1,0,1,0.0
2023-09-18,4,4,0,3,0.0
2023-09-19,5,5,0,3,0.0
2023-09-20,46,1,45,4,0.9783
2023-09-21,4,4,0,3,0.0
2023-09-22,6,6,0,2,0.0
2023-09-23,1,1,0,1,0.0
2023-09-24,11,1,10,2,0.9091
2023-09-25,3,3,0,1,0.0
2023-09-26,2,2,0,2,0.0
2023-09-27,2,2,0,2,0.0
2023-09-30,2,2,0,2,0.0
2023-10-01,1,1,0,1,0.0
2023-10-02,1,1,0,1,0.0
2023-10-03,20,3,17,4,0.85
2023-10-06,1,1,0,1,0.0
2023-10-07,1,1,0,1,0.0
2023-10-08,26,2,24,3,0.9231
2023-10-09,1,1,0,1,0.0
2023-10-10,18,4,14,5,0.7778
2023-10-12,16,0,16,1,1.0
2023-10-13,25,1,24,3,0.96
2023-10-14,22,2,20,3,0.9091
2023-10-15,21,5,16,6,0.7619
2023-10-17,2,2,0,2,0.0
2023-10-18,17,2,15,3,0.8824
2023-10-19,2,2,0,2,0.0
2023-10-20,7,7,0,5,0.0
2023-10-21,58,2,56,4,0.9655
2023-10-22,6,6,0,4,0.0
2023-10-23,1,1,0,1,0.0
2023-10-24,1,1,0,1,0.0
2023-10-25,33,3,30,5,0.9091
2023-10-26,1,1,0,1,0.0
2023-10-27,2,2,0,2,0.0
2023-10-28,2,2,0,2,0.0
2023-10-29,2,2,0,2,0.0
2023-10-30,2,2,0,1,0.0
2023-10-31,18,2,16,3,0.8889
2023-11-01,27,0,27,2,1.0
2023-11-02,39,4,35,4,0.8974
2023-11-03,47,1,46,4,0.9787
2023-11-04,24,2,22,4,0.9167
2023-11-05,81,1,80,6,0.9877
2023-11-06,53,4,49,6,0.9245
2023-11-07,48,0,48,3,1.0
2023-11-08,1,1,0,1,0.0
2023-11-09,21,0,21,1,1.0
2023-11-10,1,1,0,1,0.0
2023-11-11,2,2,0,2,0.0
2023-11-13,1,1,0,1,0.0
2023-11-14,1,1,0,1,0.0
2023-11-15,2,2,0,2,0.0
2023-11-16,2,2,0,2,0.0
2023-11-17,1,1,0,1,0.0
2023-11-18,1,1,0,1,0.0
2023-11-20,1,1,0,1,0.0
2023-11-21,22,1,21,2,0.9545
2023-11-23,1,1,0,1,0.0
2023-11-24,12,0,12,1,1.0
2023-11-26,1,1,0,1,0.0
2023-11-27,17,2,15,3,0.8824
2023-11-28,1,1,0,1,0.0
2023-11-29,20,1,19,2,0.95
2023-11-30,1,1,0,1,0.0
2023-12-01,1,1,0,1,0.0
2023-12-02,13,2,11,2,0.8462
2023-12-03,1,1,0,1,0.0
2023-12-04,1,1,0,1,0.0
2023-12-05,1,1,0,1,0.0
2023-12-06,2,2,0,2,0.0
2023-12-07,1,1,0,1,0.0
2023-12-09,1,1,0,1,0.0
2023-12-10,1,1,0,1,0.0
2023-12-11,5,5,0,4,0.0
2023-12-12,1,1,0,1,0.0
2023-12-13,12,1,11,2,0.9167
2023-12-15,2,2,0,2,0.0
2023-12-17,2,2,0,2,0.0
2023-12-21,1,1,0,1,0.0
2023-12-22,3,3,0,3,0.0
2023-12-23,1,1,0,1,0.0
2023-12-24,1,1,0,1,0.0
2023-12-26,2,2,0,2,0.0
2023-12-28,3,3,0,3,0.0
2023-12-29,2,2,0,2,0.0
2023-12-30,1,1,0,1,0.0
2023-12-31,1,1,0,1,0.0
2024-01-02,1,1,0,1,0.0
2024-01-03,2,2,0,2,0.0
2024-01-04,4,4,0,3,0.0
2024-01-05,5,5,0,4,0.0
2024-01-06,2,2,0,2,0.0
2024-01-07,2,2,0,2,0.0
2024-01-08,17,2,15,3,0.8824
2024-01-09,6,6,0,5,0.0
2024-01-10,18,1,17,2,0.9444
2024-01-11,2,2,0,2,0.0
2024-01-13,2,2,0,2,0.0
2024-01-14,18,3,15,4,0.8333
2024-01-15,1,1,0,1,0.0
2024-01-16,1,1,0,1,0.0
2024-01-17,1,1,0,1,0.0
2024-01-18,4628,2307,2321,17,0.5015
2024-01-19,110,110,0,6,0.0
2024-01-20,1,1,0,1,0.0
2024-01-22,1,1,0,1,0.0
2024-01-24,120,120,0,1,0.0
2024-01-25,1,1,0,1,0.0
2024-01-27,2,2,0,2,0.0
2024-01-28,16,3,13,2,0.8125
2024-01-30,109,63,46,8,0.422
2024-01-31,1,1,0,1,0.0
2024-02-01,123,9,114,5,0.9268
2024-02-02,1,1,0,1,0.0
2024-02-03,1,1,0,1,0.0
2024-02-05,5,5,0,4,0.0
2024-02-06,3,3,0,2,0.0
2024-02-07,1,1,0,1,0.0
2024-02-08,3369,3345,24,4,0.0071
2024-02-09,2541,2541,0,7,0.0
2024-02-10,66,1,65,2,0.9848
2024-02-11,3,3,0,2,0.0
2024-02-12,1,1,0,1,0.0
2024-02-13,3,3,0,3,0.0
2024-02-14,1,1,0,1,0.0
2024-02-15,951,13,938,7,0.9863
2024-02-16,50,3,47,3,0.94
2024-02-17,1,1,0,1,0.0
2024-02-18,2,2,0,2,0.0
2024-02-19,2,2,0,2,0.0
