date,benign,brute_force,command_injection,path_traversal,sqli,xss
2023-01-08,3,0,29,0,0,0
2023-01-09,10,0,75,567,74,1650
2023-01-10,24,81,136,1455,231,2192
2023-01-11,27,253,21,288,0,235
2023-01-12,0,0,16,0,0,0
2023-01-13,13,128,0,49,0,42
2023-01-14,1,0,14,24,154,24
2023-01-15,0,0,13,0,0,0
2023-01-16,2,0,20,35,130,35
2023-01-17,0,0,42,0,0,0
2023-01-18,6,0,165,9,0,13
2023-01-19,5,0,29,0,0,0
2023-01-20,0,0,30,0,0,0
2023-01-21,3,0,70,0,0,0
2023-01-22,2,0,88,0,0,0
2023-01-23,1,0,66,0,0,0
2023-01-24,14,0,177,269,0,238
2023-01-25,4,0,80,0,0,0
2023-01-26,1,0,27,0,0,0
2023-01-27,4,434,164,0,0,0
2023-01-28,5,4074,172,0,0,0
2023-01-29,2,0,42,0,0,0
2023-01-30,13,0,69,136,0,117
2023-01-31,2,0,41,0,0,0
2023-02-01,10,0,164,78,83,94
2023-02-02,2,0,154,0,0,0
2023-02-03,29,0,749,2640,4317,1241
2023-02-04,1,0,79,0,0,0
2023-02-05,0,0,21,0,0,0
2023-02-06,1,0,43,0,0,0
2023-02-07,10,0,34,104,0,124
2023-02-08,1,0,0,0,0,0
2023-02-09,2,409,11,0,0,0
2023-02-10,2,0,0,0,0,0
2023-02-11,2,0,77,0,0,0
2023-02-12,1,0,65,0,0,0
2023-02-13,1,0,18,0,0,0
2023-02-14,0,0,52,0,0,0
2023-02-15,2,0,13,0,0,0
2023-02-16,1,0,12,0,0,0
2023-02-17,1,4311,78,0,0,0
2023-02-18,4,0,12,0,0,0
2023-02-19,0,0,58,0,0,0
2023-02-20,2,0,42,0,0,0
2023-02-21,7,0,41,0,0,0
2023-02-22,0,0,22,0,0,0
2023-02-23,1,0,0,0,0,0
2023-02-24,2,0,88,19,0,0
2023-02-25,1,0,0,0,0,0
2023-02-26,1,0,23,17,0,0
2023-02-27,6,0,0,0,0,0
2023-02-28,8,0,133,74,0,12
2023-03-02,2,0,17,0,0,0
2023-03-03,4,0,17,0,0,0
2023-03-04,1,0,0,0,0,0
2023-03-05,3,0,52,0,0,0
2023-03-06,1,0,44,0,0,0
2023-03-07,2,0,58,0,0,0
2023-03-08,1,0,29,12,66,0
2023-03-09,3,0,85,0,0,0
2023-03-10,26,117,915,3007,4776,1264
2023-03-11,3,0,0,9,0,0
2023-03-12,0,0,11,0,0,0
2023-03-13,1,0,14,0,0,0
2023-03-14,5,0,0,0,0,0
2023-03-15,1,0,0,0,0,0
2023-03-17,3,0,41,0,0,0
2023-03-18,7,0,63,0,0,0
2023-03-19,1,0,57,0,0,0
2023-03-20,2,0,16,0,0,0
2023-03-21,0,0,11,0,0,0
2023-03-22,5,0,31,0,0,0
2023-03-23,2,0,0,0,0,0
2023-03-24,4,0,21,0,0,0
2023-03-25,4,0,0,0,0,0
2023-03-26,4,0,13,0,0,0
2023-03-27,3,0,27,0,0,0
2023-03-28,3,0,171,0,0,0
2023-03-29,0,0,125,0,0,0
2023-03-30,2,0,70,0,0,0
2023-03-31,3,0,187,0,0,0
2023-04-01,1,0,25,0,0,0
2023-04-02,3,0,145,0,0,0
2023-04-03,2,0,87,0,0,0
2023-04-04,0,0,100,0,0,0
2023-04-05,3,0,107,0,0,0
2023-04-06,1,0,79,0,0,0
2023-04-07,2,0,33,0,0,0
2023-04-08,0,0,31,0,0,0
2023-04-09,1,0,15,0,0,0
2023-04-10,3,0,45,0,0,0
2023-04-11,1,0,15,0,0,0
2023-04-12,3,0,49,0,0,0
2023-04-13,1,0,38,0,0,0
2023-04-14,1,0,47,0,0,0
2023-04-15,2,0,45,0,0,0
2023-04-16,0,0,25,0,0,0
2023-04-17,3,0,25,0,0,0
2023-04-18,2,0,0,0,0,0
2023-04-19,3,0,21,0,0,0
2023-04-20,3,0,44,0,0,0
2023-04-22,1,0,0,0,0,0
2023-04-23,2,0,15,0,0,0
2023-04-24,3,0,0,0,0,0
2023-04-25,3,0,24,0,0,0
2023-04-26,1,0,11,0,0,0
2023-04-27,3,0,0,0,0,0
2023-04-28,5,0,0,0,0,0
2023-04-29,1,0,0,0,0,0
2023-04-30,2,0,11,0,0,0
2023-05-01,1,0,0,0,0,0
2023-05-02,4,0,0,0,0,0
2023-05-03,2,0,0,0,0,0
2023-05-04,4,0,0,0,0,0
2023-05-05,2,0,11,0,0,0
2023-05-06,1,0,13,0,0,0
2023-05-07,2,0,0,0,0,0
2023-05-08,1,0,9,0,0,0
2023-05-09,3,0,17,0,0,0
2023-05-10,2,0,24,0,0,0
2023-05-11,6,0,33,0,0,0
2023-05-12,1,0,0,0,0,0
2023-05-13,2,0,68,0,0,0
2023-05-14,5,0,20,0,0,0
2023-05-15,0,0,81,0,0,0
2023-05-16,5,0,54,0,0,0
2023-05-17,1,0,0,0,0,0
2023-05-18,2,0,29,10,0,173
2023-05-19,1,0,0,0,0,0
2023-05-20,4,0,0,0,0,0
2023-05-21,2,0,0,0,0,0
2023-05-22,2,0,0,0,0,0
2023-05-23,2,0,0,0,0,0
2023-05-24,0,0,20,0,0,0
2023-05-25,8,0,0,0,0,0
2023-05-26,1,0,0,0,0,0
2023-05-27,1,0,14,0,0,0
2023-05-28,2,0,19,0,0,0
2023-05-29,2,0,0,0,0,0
2023-05-30,3,0,12,0,0,0
2023-05-31,2,0,0,0,0,0
2023-06-01,1,0,16,0,0,0
2023-06-02,2,0,27,53,0,73
2023-06-03,1,0,0,0,0,0
2023-06-04,9,0,38,0,0,0
2023-06-05,22,0,23,0,0,0
2023-06-06,2,0,18,0,0,0
2023-06-07,10,0,0,0,0,0
2023-06-08,0,0,34,0,0,0
2023-06-09,3,0,14,0,0,0
2023-06-10,0,0,33,0,0,0
2023-06-11,1,0,33,22,0,0
2023-06-12,5,0,0,0,0,0
2023-06-13,2,0,20,0,0,0
2023-06-14,1,0,18,0,0,0
2023-06-16,2,0,12,0,0,0
2023-06-17,1,0,20,0,0,0
2023-06-18,0,0,15,0,0,0
2023-06-19,0,0,13,0,0,0
2023-06-20,3,0,15,0,0,0
2023-06-21,2,0,0,0,0,0
2023-06-22,5,0,37,0,0,0
2023-06-23,1,0,18,0,0,0
2023-06-24,4,0,0,0,0,0
2023-06-25,2,0,12,0,0,0
2023-06-26,1,0,0,0,0,0
2023-06-27,4,0,9,0,0,0
2023-06-28,3,0,40,0,0,0
2023-06-29,0,0,280,0,0,0
2023-06-30,1,0,34,0,0,0
2023-07-01,4,0,151,0,0,0
2023-07-02,3,0,56,0,0,0
2023-07-03,2,0,0,0,0,0
2023-07-04,2,0,224,0,0,0
2023-07-05,1,0,0,0,0,0
2023-07-06,2,0,14,0,0,0
2023-07-07,3,0,0,0,0,0
2023-07-08,0,0,59,0,0,0
2023-07-09,1,0,0,0,0,0
2023-07-10,6,0,13,0,0,0
2023-07-11,2,0,0,0,0,0
2023-07-12,0,0,19,0,0,0
2023-07-13,2,0,0,0,0,0
2023-07-14,1,0,0,0,0,0
2023-07-15,1,0,16,0,0,0
2023-07-16,1,0,0,0,0,0
2023-07-17,2,0,0,0,0,0
2023-07-18,2,0,0,0,0,0
2023-07-20,1,0,0,0,0,0
2023-07-21,1,0,0,0,0,0
2023-07-22,1,0,0,0,0,0
2023-07-23,2,0,0,0,0,0
2023-07-24,1,0,25,0,0,0
2023-07-25,5,0,0,0,0,0
2023-07-26,10,193,0,70,0,0
2023-07-27,2,0,0,0,0,0
2023-07-28,3,0,9,0,0,0
2023-07-29,2,0,11,0,0,0
2023-07-30,0,0,33,0,0,0
2023-07-31,3,0,16,0,0,0
2023-08-01,0,0,22,0,0,0
2023-08-02,11,0,75,144,0,132
2023-08-03,2,0,0,0,0,0
2023-08-05,3,0,48,0,0,0
2023-08-06,1,0,19,0,0,0
2023-08-07,2,0,22,0,0,0
2023-08-08,1,0,0,0,0,0
2023-08-09,0,0,14,0,0,0
2023-08-11,1,0,0,0,0,0
2023-08-12,2,0,9,0,0,0
2023-08-13,2,0,37,0,0,0
2023-08-15,1,0,0,0,0,0
2023-08-16,2,0,0,0,0,0
2023-08-17,2,0,0,0,0,0
2023-08-18,2,0,34,0,0,0
2023-08-19,2,0,0,0,0,0
2023-08-20,1,0,26,0,0,0
2023-08-21,3,0,0,0,0,0
2023-08-22,2,0,0,0,0,0
2023-08-23,2,0,15,0,0,0
2023-08-24,2,0,0,0,0,0
2023-08-25,5,0,10,0,0,0
2023-08-26,1,0,0,0,0,0
2023-08-27,1,0,0,0,0,0
2023-08-28,3,0,0,0,0,0
2023-08-29,3,0,0,0,0,0
2023-08-30,1,0,18,0,0,0
2023-08-31,5,0,0,0,0,0
2023-09-01,2,0,49,0,0,0
2023-09-02,6,0,55,0,0,0
2023-09-03,1,0,17,0,0,0
2023-09-04,1,0,24,0,0,0
2023-09-05,3,0,33,0,0,0
2023-09-06,3,0,0,0,0,0
2023-09-07,3,0,0,0,0,0
2023-09-08,3,0,0,0,0,0
2023-09-09,1,0,0,0,0,0
2023-09-10,3,0,0,0,0,0
2023-09-11,1,0,21,0,0,0
2023-09-12,2,0,0,0,0,0
2023-09-13,343,0,0,0,0,0
2023-09-14,203,0,0,0,0,0
2023-09-16,1,0,0,0,0,0
2023-09-17,1,0,0,0,0,0
2023-09-18,4,0,0,0,0,0
2023-09-19,5,0,0,0,0,0
2023-09-20,1,0,45,0,0,0
2023-09-21,4,0,0,0,0,0
2023-09-22,6,0,0,0,0,0
2023-09-23,1,0,0,0,0,0
2023-09-24,1,0,10,0,0,0
2023-09-25,3,0,0,0,0,0
2023-09-26,2,0,0,0,0,0
2023-09-27,2,0,0,0,0,0
2023-09-30,2,0,0,0,0,0
2023-10-01,1,0,0,0,0,0
2023-10-02,1,0,0,0,0,0
2023-10-03,3,0,17,0,0,0
2023-10-06,1,0,0,0,0,0
2023-10-07,1,0,0,0,0,0
2023-10-08,2,0,24,0,0,0
2023-10-09,1,0,0,0,0,0
2023-10-10,4,0,14,0,0,0
2023-10-12,0,0,16,0,0,0
2023-10-13,1,0,24,0,0,0
2023-10-14,2,0,20,0,0,0
2023-10-15,5,0,16,0,0,0
2023-10-17,2,0,0,0,0,0
2023-10-18,2,0,15,0,0,0
2023-10-19,2,0,0,0,0,0
2023-10-20,7,0,0,0,0,0
2023-10-21,2,0,56,0,0,0
2023-10-22,6,0,0,0,0,0
2023-10-23,1,0,0,0,0,0
2023-10-24,1,0,0,0,0,0
2023-10-25,3,0,30,0,0,0
2023-10-26,1,0,0,0,0,0
2023-10-27,2,0,0,0,0,0
2023-10-28,2,0,0,0,0,0
2023-10-29,2,0,0,0,0,0
2023-10-30,2,0,0,0,0,0
2023-10-31,2,0,16,0,0,0
2023-11-01,0,0,27,0,0,0
2023-11-02,4,0,35,0,0,0
2023-11-03,1,0,46,0,0,0
2023-11-04,2,0,22,0,0,0
2023-11-05,1,0,80,0,0,0
2023-11-06,4,0,49,0,0,0
2023-11-07,0,0,48,0,0,0
2023-11-08,1,0,0,0,0,0
2023-11-09,0,0,21,0,0,0
2023-11-10,1,0,0,0,0,0
2023-11-11,2,0,0,0,0,0
2023-11-13,1,0,0,0,0,0
2023-11-14,1,0,0,0,0,0
2023-11-15,2,0,0,0,0,0
2023-11-16,2,0,0,0,0,0
2023-11-17,1,0,0,0,0,0
2023-11-18,1,0,0,0,0,0
2023-11-20,1,0,0,0,0,0
2023-11-21,1,0,21,0,0,0
2023-11-23,1,0,0,0,0,0
2023-11-24,0,0,12,0,0,0
2023-11-26,1,0,0,0,0,0
2023-11-27,2,0,15,0,0,0
2023-11-28,1,0,0,0,0,0
2023-11-29,1,0,19,0,0,0
2023-11-30,1,0,0,0,0,0
2023-12-01,1,0,0,0,0,0
2023-12-02,2,0,11,0,0,0
2023-12-03,1,0,0,0,0,0
2023-12-04,1,0,0,0,0,0
2023-12-05,1,0,0,0,0,0
2023-12-06,2,0,0,0,0,0
2023-12-07,1,0,0,0,0,0
2023-12-09,1,0,0,0,0,0
2023-12-10,1,0,0,0,0,0
2023-12-11,5,0,0,0,0,0
2023-12-12,1,0,0,0,0,0
2023-12-13,1,0,11,0,0,0
2023-12-15,2,0,0,0,0,0
2023-12-17,2,0,0,0,0,0
2023-12-21,1,0,0,0,0,0
2023-12-22,3,0,0,0,0,0
2023-12-23,1,0,0,0,0,0
2023-12-24,1,0,0,0,0,0
2023-12-26,2,0,0,0,0,0
2023-12-28,3,0,0,0,0,0
2023-12-29,2,0,0,0,0,0
2023-12-30,1,0,0,0,0,0
2023-12-31,1,0,0,0,0,0
2024-01-02,1,0,0,0,0,0
2024-01-03,2,0,0,0,0,0
2024-01-04,4,0,0,0,0,0
2024-01-05,5,0,0,0,0,0
2024-01-06,2,0,0,0,0,0
2024-01-07,2,0,0,0,0,0
2024-01-08,2,0,15,0,0,0
2024-01-09,6,0,0,0,0,0
2024-01-10,1,0,17,0,0,0
2024-01-11,2,0,0,0,0,0
2024-01-13,2,0,0,0,0,0
2024-01-14,3,0,15,0,0,0
2024-01-15,1,0,0,0,0,0
2024-01-16,1,0,0,0,0,0
2024-01-17,1,0,0,0,0,0
2024-01-18,2307,0,0,12,0,2309
2024-01-19,110,0,0,0,0,0
2024-01-20,1,0,0,0,0,0
2024-01-22,1,0,0,0,0,0
2024-01-24,120,0,0,0,0,0
2024-01-25,1,0,0,0,0,0
2024-01-27,2,0,0,0,0,0
2024-01-28,3,0,13,0,0,0
2024-01-30,63,0,0,46,0,0
2024-01-31,1,0,0,0,0,0
2024-02-01,9,0,0,82,0,32
2024-02-02,1,0,0,0,0,0
2024-02-03,1,0,0,0,0,0
2024-02-05,5,0,0,0,0,0
2024-02-06,3,0,0,0,0,0
2024-02-07,1,0,0,0,0,0
2024-02-08,3345,0,24,0,0,0
2024-02-09,2541,0,0,0,0,0
2024-02-10,1,0,65,0,0,0
2024-02-11,3,0,0,0,0,0
2024-02-12,1,0,0,0,0,0
2024-02-13,3,0,0,0,0,0
2024-02-14,1,0,0,0,0,0
2024-02-15,13,0,0,769,169,0
2024-02-16,3,0,47,0,0,0
2024-02-17,1,0,0,0,0,0
2024-02-18,2,0,0,0,0,0
2024-02-19,2,0,0,0,0,0
