timestamp_hour,total_requests,benign_requests,attack_requests,unique_ips,4xx_requests,5xx_requests
2023-01-08 08:00:00,3,3,0,2,0,0
2023-01-08 14:00:00,18,0,18,1,0,0
2023-01-08 22:00:00,11,0,11,1,0,0
2023-01-09 00:00:00,16,0,16,1,0,0
2023-01-09 02:00:00,1,1,0,1,0,0
2023-01-09 16:00:00,78,2,76,2,0,0
2023-01-09 17:00:00,2261,4,2257,1,0,0
2023-01-09 20:00:00,1,1,0,1,0,0
2023-01-09 21:00:00,2,2,0,1,0,0
2023-01-09 23:00:00,17,0,17,1,0,0
2023-01-10 04:00:00,1,1,0,1,0,0
2023-01-10 08:00:00,1,1,0,1,0,0
2023-01-10 15:00:00,1,1,0,1,0,0
2023-01-10 17:00:00,2002,6,1996,1,0,0
2023-01-10 18:00:00,2114,15,2099,1,0,0
2023-01-11 01:00:00,2,2,0,2,0,0
2023-01-11 02:00:00,1,1,0,1,0,0
2023-01-11 07:00:00,494,16,478,2,0,0
2023-01-11 10:00:00,323,4,319,2,0,0
2023-01-11 12:00:00,1,1,0,1,0,0
2023-01-11 19:00:00,1,1,0,1,0,0
2023-01-11 20:00:00,1,1,0,1,0,0
2023-01-11 22:00:00,1,1,0,1,0,0
2023-01-12 00:00:00,16,0,16,1,0,0
2023-01-13 04:00:00,1,1,0,1,0,0
2023-01-13 08:00:00,1,1,0,1,0,0
2023-01-13 09:00:00,1,1,0,1,0,0
2023-01-13 12:00:00,47,6,41,2,0,0
2023-01-13 13:00:00,182,4,178,1,0,0
2023-01-14 02:00:00,1,1,0,1,0,0
2023-01-14 13:00:00,121,0,121,1,0,0
2023-01-14 14:00:00,81,0,81,1,0,0
2023-01-14 21:00:00,14,0,14,1,0,0
2023-01-15 21:00:00,13,0,13,1,0,0
2023-01-16 03:00:00,1,1,0,1,0,0
2023-01-16 04:00:00,201,1,200,1,0,0
2023-01-16 22:00:00,20,0,20,1,0,0
2023-01-17 12:00:00,8,0,8,1,0,0
2023-01-17 15:00:00,19,0,19,1,0,0
2023-01-17 22:00:00,15,0,15,1,0,0
2023-01-18 00:00:00,12,0,12,1,0,0
2023-01-18 01:00:00,14,0,14,1,0,0
2023-01-18 02:00:00,18,0,18,1,0,0
2023-01-18 06:00:00,21,1,20,2,0,0
2023-01-18 07:00:00,1,1,0,1,0,0
2023-01-18 08:00:00,14,1,13,2,0,0
2023-01-18 10:00:00,14,0,14,1,0,0
2023-01-18 12:00:00,23,1,22,1,0,0
2023-01-18 14:00:00,1,1,0,1,0,0
2023-01-18 15:00:00,20,0,20,1,0,0
2023-01-18 16:00:00,22,0,22,1,0,0
2023-01-18 19:00:00,1,1,0,1,0,0
2023-01-18 20:00:00,11,0,11,1,0,0
2023-01-18 21:00:00,21,0,21,1,0,0
2023-01-19 03:00:00,1,1,0,1,0,0
2023-01-19 11:00:00,1,1,0,1,0,0
2023-01-19 12:00:00,1,1,0,1,0,0
2023-01-19 16:00:00,12,0,12,1,0,0
2023-01-19 18:00:00,1,1,0,1,0,0
2023-01-19 21:00:00,18,1,17,2,0,0
2023-01-20 13:00:00,11,0,11,1,0,0
2023-01-20 21:00:00,19,0,19,1,0,0
2023-01-21 04:00:00,16,0,16,1,0,0
2023-01-21 10:00:00,1,1,0,1,0,0
2023-01-21 13:00:00,39,0,39,1,0,0
2023-01-21 17:00:00,15,0,15,1,0,0
2023-01-21 18:00:00,1,1,0,1,0,0
2023-01-21 23:00:00,1,1,0,1,0,0
2023-01-22 10:00:00,20,0,20,1,0,0
2023-01-22 12:00:00,11,0,11,1,0,0
2023-01-22 19:00:00,1,1,0,1,0,0
2023-01-22 20:00:00,23,0,23,1,0,0
2023-01-22 21:00:00,20,1,19,2,0,0
2023-01-22 22:00:00,15,0,15,1,0,0
2023-01-23 10:00:00,14,0,14,1,0,0
2023-01-23 13:00:00,19,0,19,1,0,0
2023-01-23 16:00:00,14,0,14,1,0,0
2023-01-23 17:00:00,1,1,0,1,0,0
2023-01-23 18:00:00,19,0,19,1,0,0
2023-01-24 06:00:00,70,3,67,1,0,0
2023-01-24 07:00:00,506,10,496,1,0,0
2023-01-24 10:00:00,17,0,17,1,0,0
2023-01-24 12:00:00,15,0,15,1,0,0
2023-01-24 13:00:00,14,0,14,1,0,0
2023-01-24 14:00:00,17,0,17,1,0,0
2023-01-24 15:00:00,33,0,33,2,0,0
2023-01-24 16:00:00,1,1,0,1,0,0
2023-01-24 19:00:00,25,0,25,2,0,0
2023-01-25 03:00:00,1,1,0,1,0,0
2023-01-25 08:00:00,21,0,21,1,0,0
2023-01-25 14:00:00,21,0,21,1,0,0
2023-01-25 17:00:00,23,1,22,2,0,0
2023-01-25 18:00:00,1,1,0,1,0,0
2023-01-25 19:00:00,1,1,0,1,0,0
2023-01-25 22:00:00,16,0,16,1,0,0
2023-01-26 12:00:00,1,1,0,1,0,0
2023-01-26 15:00:00,17,0,17,1,0,0
2023-01-26 21:00:00,10,0,10,1,0,0
2023-01-27 01:00:00,19,1,18,2,0,0
2023-01-27 02:00:00,434,0,434,5,0,0
2023-01-27 03:00:00,12,0,12,1,0,0
2023-01-27 05:00:00,14,0,14,1,0,0
2023-01-27 06:00:00,32,0,32,2,0,0
2023-01-27 08:00:00,2,2,0,1,0,0
2023-01-27 12:00:00,13,0,13,1,0,0
2023-01-27 16:00:00,23,1,22,2,0,0
2023-01-27 17:00:00,22,0,22,1,0,0
2023-01-27 20:00:00,19,0,19,1,0,0
2023-01-27 22:00:00,12,0,12,1,0,0
2023-01-28 02:00:00,18,0,18,1,0,0
2023-01-28 06:00:00,1,1,0,1,0,0
2023-01-28 11:00:00,16,1,15,2,0,0
2023-01-28 12:00:00,139,0,139,9,0,0
2023-01-28 14:00:00,1,1,0,1,0,0
2023-01-28 16:00:00,1,1,0,1,0,0
2023-01-28 19:00:00,1660,1,1659,19,0,0
2023-01-28 22:00:00,2415,0,2415,21,0,0
2023-01-29 04:00:00,9,0,9,1,0,0
2023-01-29 12:00:00,11,0,11,1,0,0
2023-01-29 15:00:00,1,1,0,1,0,0
2023-01-29 20:00:00,22,0,22,1,0,0
2023-01-29 23:00:00,1,1,0,1,0,0
2023-01-30 08:00:00,14,0,14,1,0,0
2023-01-30 10:00:00,19,0,19,1,0,0
2023-01-30 11:00:00,290,12,278,2,0,0
2023-01-30 13:00:00,12,1,11,2,0,0
2023-01-31 00:00:00,8,0,8,1,0,0
2023-01-31 03:00:00,11,0,11,1,0,0
2023-01-31 09:00:00,22,0,22,1,0,0
2023-01-31 14:00:00,2,2,0,2,0,0
2023-02-01 07:00:00,264,9,255,2,0,0
2023-02-01 09:00:00,1,1,0,1,0,0
2023-02-01 10:00:00,14,0,14,1,0,0
2023-02-01 11:00:00,14,0,14,1,0,0
2023-02-01 12:00:00,18,0,18,1,0,0
2023-02-01 14:00:00,49,0,49,3,0,0
2023-02-01 16:00:00,69,0,69,2,0,0
2023-02-02 10:00:00,1,1,0,1,0,0
2023-02-02 11:00:00,1,1,0,1,0,0
2023-02-02 13:00:00,154,0,154,1,0,0
2023-02-03 00:00:00,1,1,0,1,0,0
2023-02-03 03:00:00,12,0,12,1,0,0
2023-02-03 08:00:00,111,4,107,2,0,0
2023-02-03 09:00:00,198,5,193,2,0,0
2023-02-03 10:00:00,8653,18,8635,1,0,0
2023-02-03 14:00:00,1,1,0,1,0,0
2023-02-04 01:00:00,11,0,11,1,0,0
2023-02-04 08:00:00,18,0,18,1,0,0
2023-02-04 10:00:00,18,0,18,1,0,0
2023-02-04 11:00:00,14,0,14,1,0,0
2023-02-04 13:00:00,1,1,0,1,0,0
2023-02-04 16:00:00,18,0,18,1,0,0
2023-02-05 09:00:00,21,0,21,1,0,0
2023-02-06 01:00:00,1,1,0,1,0,0
2023-02-06 15:00:00,43,0,43,3,0,0
2023-02-07 08:00:00,259,10,249,1,0,0
2023-02-07 16:00:00,13,0,13,1,0,0
2023-02-08 01:00:00,1,1,0,1,0,0
2023-02-09 00:00:00,2,2,0,1,0,0
2023-02-09 02:00:00,11,0,11,1,0,0
2023-02-09 10:00:00,409,0,409,5,0,0
2023-02-10 15:00:00,1,1,0,1,0,0
2023-02-10 20:00:00,1,1,0,1,0,0
2023-02-11 11:00:00,14,0,14,1,0,0
2023-02-11 16:00:00,16,0,16,1,0,0
2023-02-11 19:00:00,38,1,37,3,0,0
2023-02-11 20:00:00,10,0,10,1,0,0
2023-02-11 21:00:00,1,1,0,1,0,0
2023-02-12 02:00:00,11,0,11,1,0,0
2023-02-12 04:00:00,18,0,18,1,0,0
2023-02-12 15:00:00,8,0,8,1,0,0
2023-02-12 16:00:00,14,0,14,1,0,0
2023-02-12 21:00:00,1,1,0,1,0,0
2023-02-12 22:00:00,14,0,14,1,0,0
2023-02-13 14:00:00,19,1,18,2,0,0
2023-02-14 00:00:00,16,0,16,1,0,0
2023-02-14 09:00:00,36,0,36,2,0,0
2023-02-15 00:00:00,13,0,13,1,0,0
2023-02-15 18:00:00,1,1,0,1,0,0
2023-02-15 21:00:00,1,1,0,1,0,0
2023-02-16 00:00:00,1,1,0,1,0,0
2023-02-16 13:00:00,12,0,12,1,0,0
2023-02-17 04:00:00,4311,0,4311,33,0,0
2023-02-17 06:00:00,19,0,19,1,0,0
2023-02-17 12:00:00,11,0,11,1,0,0
2023-02-17 13:00:00,1,1,0,1,0,0
2023-02-17 14:00:00,20,0,20,1,0,0
2023-02-17 18:00:00,28,0,28,1,0,0
2023-02-18 05:00:00,2,2,0,1,0,0
2023-02-18 06:00:00,1,1,0,1,0,0
2023-02-18 10:00:00,12,0,12,1,0,0
2023-02-18 13:00:00,1,1,0,1,0,0
2023-02-19 22:00:00,43,0,43,3,0,0
2023-02-19 23:00:00,15,0,15,1,0,0
2023-02-20 00:00:00,12,0,12,1,0,0
2023-02-20 05:00:00,1,1,0,1,0,0
2023-02-20 21:00:00,31,1,30,3,0,0
2023-02-21 02:00:00,9,0,9,1,0,0
2023-02-21 03:00:00,2,2,0,1,0,0
2023-02-21 04:00:00,1,1,0,1,0,0
2023-02-21 05:00:00,1,1,0,1,0,0
2023-02-21 16:00:00,16,0,16,1,0,0
2023-02-21 17:00:00,17,1,16,2,0,0
2023-02-21 18:00:00,1,1,0,1,0,0
2023-02-21 19:00:00,1,1,0,1,0,0
2023-02-22 23:00:00,22,0,22,1,0,0
2023-02-23 03:00:00,1,1,0,1,0,0
2023-02-24 00:00:00,38,0,38,2,0,0
2023-02-24 02:00:00,1,1,0,1,0,0
2023-02-24 07:00:00,19,0,19,1,0,0
2023-02-24 14:00:00,1,1,0,1,0,0
2023-02-24 15:00:00,23,0,23,2,0,0
2023-02-24 16:00:00,8,0,8,1,0,0
2023-02-24 22:00:00,19,0,19,1,0,0
2023-02-25 21:00:00,1,1,0,1,0,0
2023-02-26 07:00:00,23,0,23,1,0,0
2023-02-26 16:00:00,17,0,17,1,0,0
2023-02-26 19:00:00,1,1,0,1,0,0
2023-02-27 04:00:00,3,3,0,1,0,0
2023-02-27 07:00:00,1,1,0,1,0,0
2023-02-27 20:00:00,1,1,0,1,0,0
2023-02-27 21:00:00,1,1,0,1,0,0
2023-02-28 05:00:00,16,0,16,1,0,0
2023-02-28 08:00:00,117,0,117,5,0,0
2023-02-28 10:00:00,94,8,86,1,0,0
2023-03-02 00:00:00,1,1,0,1,0,0
2023-03-02 14:00:00,1,1,0,1,0,0
2023-03-02 20:00:00,17,0,17,1,0,0
2023-03-03 04:00:00,17,0,17,1,0,0
2023-03-03 09:00:00,1,1,0,1,0,0
2023-03-03 12:00:00,1,1,0,1,0,0
2023-03-03 22:00:00,1,1,0,1,0,0
2023-03-03 23:00:00,1,1,0,1,0,0
2023-03-04 21:00:00,1,1,0,1,0,0
2023-03-05 04:00:00,1,1,0,1,0,0
2023-03-05 06:00:00,1,1,0,1,0,0
2023-03-05 11:00:00,16,0,16,1,0,0
2023-03-05 12:00:00,1,1,0,1,0,0
2023-03-05 15:00:00,16,0,16,1,0,0
2023-03-05 19:00:00,20,0,20,1,0,0
2023-03-06 02:00:00,9,0,9,1,0,0
2023-03-06 06:00:00,13,1,12,2,0,0
2023-03-06 10:00:00,9,0,9,1,0,0
2023-03-06 22:00:00,14,0,14,1,0,0
2023-03-07 03:00:00,25,1,24,2,0,0
2023-03-07 10:00:00,1,1,0,1,0,0
2023-03-07 23:00:00,34,0,34,2,0,0
2023-03-08 02:00:00,16,0,16,1,0,0
2023-03-08 10:00:00,66,0,66,1,0,0
2023-03-08 12:00:00,12,0,12,1,0,0
2023-03-08 16:00:00,13,0,13,1,0,0
2023-03-08 20:00:00,1,1,0,1,0,0
2023-03-09 02:00:00,17,0,17,1,0,0
2023-03-09 03:00:00,23,0,23,1,0,0
2023-03-09 08:00:00,1,1,0,1,0,0
2023-03-09 10:00:00,21,0,21,1,0,0
2023-03-09 11:00:00,1,1,0,1,0,0
2023-03-09 12:00:00,13,0,13,1,0,0
2023-03-09 15:00:00,11,0,11,1,0,0
2023-03-09 16:00:00,1,1,0,1,0,0
2023-03-10 05:00:00,1,1,0,1,0,0
2023-03-10 08:00:00,1062,7,1055,1,0,0
2023-03-10 09:00:00,8984,18,8966,1,0,0
2023-03-10 20:00:00,16,0,16,1,0,0
2023-03-10 22:00:00,16,0,16,1,0,0
2023-03-10 23:00:00,26,0,26,1,0,0
2023-03-11 01:00:00,1,1,0,1,0,0
2023-03-11 05:00:00,9,0,9,1,0,0
2023-03-11 07:00:00,1,1,0,1,0,0
2023-03-11 18:00:00,1,1,0,1,0,0
2023-03-12 11:00:00,11,0,11,1,0,0
2023-03-13 09:00:00,1,1,0,1,0,0
2023-03-13 14:00:00,14,0,14,1,0,0
2023-03-14 00:00:00,1,1,0,1,0,0
2023-03-14 03:00:00,1,1,0,1,0,0
2023-03-14 05:00:00,1,1,0,1,0,0
2023-03-14 12:00:00,1,1,0,1,0,0
2023-03-14 22:00:00,1,1,0,1,0,0
2023-03-15 13:00:00,1,1,0,1,0,0
2023-03-17 01:00:00,15,0,15,1,0,0
2023-03-17 04:00:00,1,1,0,1,0,0
2023-03-17 12:00:00,1,1,0,1,0,0
2023-03-17 14:00:00,1,1,0,1,0,0
2023-03-17 23:00:00,26,0,26,1,0,0
2023-03-18 08:00:00,7,7,0,1,0,0
2023-03-18 11:00:00,19,0,19,1,0,0
2023-03-18 16:00:00,17,0,17,1,0,0
2023-03-18 17:00:00,14,0,14,1,0,0
2023-03-18 19:00:00,13,0,13,1,0,0
2023-03-19 03:00:00,8,0,8,1,0,0
2023-03-19 12:00:00,36,0,36,1,0,0
2023-03-19 15:00:00,13,0,13,1,0,0
2023-03-19 19:00:00,1,1,0,1,0,0
2023-03-20 01:00:00,16,0,16,1,0,0
2023-03-20 08:00:00,1,1,0,1,0,0
2023-03-20 17:00:00,1,1,0,1,0,0
2023-03-21 10:00:00,11,0,11,1,0,0
2023-03-22 07:00:00,2,2,0,1,0,0
2023-03-22 09:00:00,19,1,18,2,0,0
2023-03-22 11:00:00,1,1,0,1,0,0
2023-03-22 17:00:00,13,0,13,1,0,0
2023-03-22 23:00:00,1,1,0,1,0,0
2023-03-23 16:00:00,1,1,0,1,0,0
2023-03-23 19:00:00,1,1,0,1,0,0
2023-03-24 00:00:00,1,1,0,1,0,0
2023-03-24 02:00:00,15,1,14,2,0,0
2023-03-24 07:00:00,7,0,7,1,0,0
2023-03-24 09:00:00,1,1,0,1,0,0
2023-03-24 18:00:00,1,1,0,1,0,0
2023-03-25 00:00:00,1,1,0,1,0,0
2023-03-25 05:00:00,1,1,0,1,0,0
2023-03-25 14:00:00,1,1,0,1,0,0
2023-03-25 20:00:00,1,1,0,1,0,0
2023-03-26 00:00:00,1,1,0,1,0,0
2023-03-26 02:00:00,1,1,0,1,0,0
2023-03-26 04:00:00,1,1,0,1,0,0
2023-03-26 05:00:00,1,1,0,1,0,0
2023-03-26 15:00:00,13,0,13,1,0,0
2023-03-27 01:00:00,15,0,15,1,0,0
2023-03-27 04:00:00,1,1,0,1,0,0
2023-03-27 13:00:00,12,0,12,1,0,0
2023-03-27 14:00:00,1,1,0,1,0,0
2023-03-27 16:00:00,1,1,0,1,0,0
2023-03-28 01:00:00,1,1,0,1,0,0
2023-03-28 02:00:00,65,1,64,5,0,0
2023-03-28 07:00:00,14,0,14,1,0,0
2023-03-28 08:00:00,14,1,13,2,0,0
2023-03-28 12:00:00,25,0,25,1,0,0
2023-03-28 13:00:00,22,0,22,1,0,0
2023-03-28 14:00:00,33,0,33,2,0,0
2023-03-29 09:00:00,14,0,14,1,0,0
2023-03-29 12:00:00,23,0,23,2,0,0
2023-03-29 15:00:00,15,0,15,1,0,0
2023-03-29 17:00:00,10,0,10,1,0,0
2023-03-29 18:00:00,19,0,19,1,0,0
2023-03-29 21:00:00,31,0,31,2,0,0
2023-03-29 22:00:00,13,0,13,1,0,0
2023-03-30 01:00:00,1,1,0,1,0,0
2023-03-30 05:00:00,28,0,28,2,0,0
2023-03-30 13:00:00,17,0,17,1,0,0
2023-03-30 18:00:00,12,0,12,1,0,0
2023-03-30 19:00:00,13,0,13,1,0,0
2023-03-30 20:00:00,1,1,0,1,0,0
2023-03-31 02:00:00,19,0,19,1,0,0
2023-03-31 03:00:00,48,0,48,4,0,0
2023-03-31 05:00:00,21,0,21,1,0,0
2023-03-31 09:00:00,15,0,15,1,0,0
2023-03-31 10:00:00,61,0,61,2,0,0
2023-03-31 14:00:00,12,0,12,1,0,0
2023-03-31 15:00:00,1,1,0,1,0,0
2023-03-31 16:00:00,1,1,0,1,0,0
2023-03-31 21:00:00,1,1,0,1,0,0
2023-03-31 22:00:00,11,0,11,1,0,0
2023-04-01 14:00:00,10,0,10,1,0,0
2023-04-01 17:00:00,1,1,0,1,0,0
2023-04-01 21:00:00,15,0,15,1,0,0
2023-04-02 04:00:00,50,0,50,3,0,0
2023-04-02 06:00:00,1,1,0,1,0,0
2023-04-02 11:00:00,64,0,64,2,0,0
2023-04-02 14:00:00,14,1,13,2,0,0
2023-04-02 19:00:00,18,0,18,1,0,0
2023-04-02 23:00:00,1,1,0,1,0,0
2023-04-03 06:00:00,1,1,0,1,0,0
2023-04-03 07:00:00,21,1,20,2,0,0
2023-04-03 10:00:00,22,0,22,1,0,0
2023-04-03 12:00:00,12,0,12,1,0,0
2023-04-03 22:00:00,18,0,18,1,0,0
2023-04-03 23:00:00,15,0,15,1,0,0
2023-04-04 04:00:00,18,0,18,1,0,0
2023-04-04 07:00:00,15,0,15,1,0,0
2023-04-04 17:00:00,19,0,19,1,0,0
2023-04-04 19:00:00,15,0,15,1,0,0
2023-04-04 22:00:00,21,0,21,2,0,0
2023-04-04 23:00:00,12,0,12,1,0,0
2023-04-05 00:00:00,1,1,0,1,0,0
2023-04-05 01:00:00,14,0,14,1,0,0
2023-04-05 04:00:00,28,0,28,2,0,0
2023-04-05 05:00:00,12,0,12,1,0,0
2023-04-05 06:00:00,1,1,0,1,0,0
2023-04-05 12:00:00,16,0,16,1,0,0
2023-04-05 13:00:00,19,0,19,1,0,0
2023-04-05 21:00:00,18,0,18,1,0,0
2023-04-05 23:00:00,1,1,0,1,0,0
2023-04-06 01:00:00,14,0,14,1,0,0
2023-04-06 06:00:00,14,0,14,1,0,0
2023-04-06 07:00:00,17,0,17,1,0,0
2023-04-06 14:00:00,34,0,34,2,0,0
2023-04-06 20:00:00,1,1,0,1,0,0
2023-04-07 06:00:00,20,0,20,1,0,0
2023-04-07 11:00:00,13,0,13,1,0,0
2023-04-07 13:00:00,1,1,0,1,0,0
2023-04-07 14:00:00,1,1,0,1,0,0
2023-04-08 14:00:00,17,0,17,1,0,0
2023-04-08 15:00:00,14,0,14,1,0,0
2023-04-09 03:00:00,1,1,0,1,0,0
2023-04-09 07:00:00,15,0,15,1,0,0
2023-04-10 01:00:00,1,1,0,1,0,0
2023-04-10 10:00:00,13,0,13,1,0,0
2023-04-10 19:00:00,22,0,22,1,0,0
2023-04-10 20:00:00,1,1,0,1,0,0
2023-04-10 22:00:00,11,1,10,2,0,0
2023-04-11 17:00:00,15,0,15,1,0,0
2023-04-11 22:00:00,1,1,0,1,0,0
2023-04-12 07:00:00,1,1,0,1,0,0
2023-04-12 16:00:00,17,1,16,2,0,0
2023-04-12 18:00:00,33,0,33,2,0,0
2023-04-12 19:00:00,1,1,0,1,0,0
2023-04-13 03:00:00,8,0,8,1,0,0
2023-04-13 07:00:00,1,1,0,1,0,0
2023-04-13 14:00:00,16,0,16,1,0,0
2023-04-13 23:00:00,14,0,14,1,0,0
2023-04-14 05:00:00,1,1,0,1,0,0
2023-04-14 09:00:00,11,0,11,1,0,0
2023-04-14 10:00:00,19,0,19,1,0,0
2023-04-14 21:00:00,17,0,17,1,0,0
2023-04-15 11:00:00,45,0,45,3,0,0
2023-04-15 15:00:00,1,1,0,1,0,0
2023-04-15 23:00:00,1,1,0,1,0,0
2023-04-16 00:00:00,25,0,25,1,0,0
2023-04-17 11:00:00,1,1,0,1,0,0
2023-04-17 15:00:00,1,1,0,1,0,0
2023-04-17 17:00:00,1,1,0,1,0,0
2023-04-17 20:00:00,12,0,12,1,0,0
2023-04-17 23:00:00,13,0,13,1,0,0
2023-04-18 05:00:00,1,1,0,1,0,0
2023-04-18 15:00:00,1,1,0,1,0,0
2023-04-19 06:00:00,21,0,21,1,0,0
2023-04-19 22:00:00,3,3,0,1,0,0
2023-04-20 04:00:00,16,0,16,1,0,0
2023-04-20 07:00:00,10,0,10,1,0,0
2023-04-20 11:00:00,18,0,18,1,0,0
2023-04-20 19:00:00,1,1,0,1,0,0
2023-04-20 21:00:00,1,1,0,1,0,0
2023-04-20 22:00:00,1,1,0,1,0,0
2023-04-22 22:00:00,1,1,0,1,0,0
2023-04-23 05:00:00,1,1,0,1,0,0
2023-04-23 10:00:00,1,1,0,1,0,0
2023-04-23 14:00:00,15,0,15,1,0,0
2023-04-24 05:00:00,2,2,0,2,0,0
2023-04-24 18:00:00,1,1,0,1,0,0
2023-04-25 08:00:00,24,0,24,1,0,0
2023-04-25 14:00:00,1,1,0,1,0,0
2023-04-25 16:00:00,1,1,0,1,0,0
2023-04-25 21:00:00,1,1,0,1,0,0
2023-04-26 11:00:00,1,1,0,1,0,0
2023-04-26 23:00:00,11,0,11,1,0,0
2023-04-27 05:00:00,1,1,0,1,0,0
2023-04-27 17:00:00,1,1,0,1,0,0
2023-04-27 19:00:00,1,1,0,1,0,0
2023-04-28 02:00:00,1,1,0,1,0,0
2023-04-28 14:00:00,1,1,0,1,0,0
2023-04-28 17:00:00,3,3,0,2,0,0
2023-04-29 14:00:00,1,1,0,1,0,0
2023-04-30 02:00:00,1,1,0,1,0,0
2023-04-30 14:00:00,11,0,11,1,0,0
2023-04-30 20:00:00,1,1,0,1,0,0
2023-05-01 15:00:00,1,1,0,1,0,0
2023-05-02 00:00:00,1,1,0,1,0,0
2023-05-02 04:00:00,1,1,0,1,0,0
2023-05-02 19:00:00,1,1,0,1,0,0
2023-05-02 21:00:00,1,1,0,1,0,0
2023-05-03 13:00:00,1,1,0,1,0,0
2023-05-03 16:00:00,1,1,0,1,0,0
2023-05-04 09:00:00,1,1,0,1,0,0
2023-05-04 12:00:00,1,1,0,1,0,0
2023-05-04 17:00:00,1,1,0,1,0,0
2023-05-04 22:00:00,1,1,0,1,0,0
2023-05-05 05:00:00,11,0,11,1,0,0
2023-05-05 08:00:00,1,1,0,1,0,0
2023-05-05 14:00:00,1,1,0,1,0,0
2023-05-06 07:00:00,1,1,0,1,0,0
2023-05-06 21:00:00,13,0,13,1,0,0
2023-05-07 04:00:00,1,1,0,1,0,0
2023-05-07 05:00:00,1,1,0,1,0,0
2023-05-08 08:00:00,9,0,9,1,0,0
2023-05-08 23:00:00,1,1,0,1,0,0
2023-05-09 03:00:00,17,0,17,1,0,0
2023-05-09 17:00:00,1,1,0,1,0,0
2023-05-09 20:00:00,1,1,0,1,0,0
2023-05-09 23:00:00,1,1,0,1,0,0
2023-05-10 07:00:00,14,0,14,1,0,0
2023-05-10 11:00:00,10,0,10,1,0,0
2023-05-10 12:00:00,1,1,0,1,0,0
2023-05-10 21:00:00,1,1,0,1,0,0
2023-05-11 02:00:00,4,4,0,1,0,0
2023-05-11 08:00:00,9,0,9,1,0,0
2023-05-11 10:00:00,24,0,24,1,0,0
2023-05-11 15:00:00,1,1,0,1,0,0
2023-05-11 20:00:00,1,1,0,1,0,0
2023-05-12 01:00:00,1,1,0,1,0,0
2023-05-13 01:00:00,1,1,0,1,0,0
2023-05-13 05:00:00,68,0,68,4,0,0
2023-05-13 12:00:00,1,1,0,1,0,0
2023-05-14 01:00:00,20,0,20,1,0,0
2023-05-14 13:00:00,1,1,0,1,0,0
2023-05-14 15:00:00,1,1,0,1,0,0
2023-05-14 23:00:00,3,3,0,1,0,0
2023-05-15 20:00:00,81,0,81,5,0,0
2023-05-16 00:00:00,1,1,0,1,0,0
2023-05-16 02:00:00,1,1,0,1,0,0
2023-05-16 10:00:00,21,0,21,1,0,0
2023-05-16 13:00:00,8,0,8,1,0,0
2023-05-16 15:00:00,25,0,25,1,0,0
2023-05-16 16:00:00,2,2,0,1,0,0
2023-05-16 22:00:00,1,1,0,1,0,0
2023-05-17 15:00:00,1,1,0,1,0,0
2023-05-18 04:00:00,29,0,29,2,0,0
2023-05-18 05:00:00,1,1,0,1,0,0
2023-05-18 06:00:00,1,1,0,1,0,0
2023-05-18 08:00:00,183,0,183,1,0,0
2023-05-19 17:00:00,1,1,0,1,0,0
2023-05-20 13:00:00,1,1,0,1,0,0
2023-05-20 14:00:00,1,1,0,1,0,0
2023-05-20 18:00:00,2,2,0,2,0,0
2023-05-21 11:00:00,1,1,0,1,0,0
2023-05-21 16:00:00,1,1,0,1,0,0
2023-05-22 09:00:00,1,1,0,1,0,0
2023-05-22 15:00:00,1,1,0,1,0,0
2023-05-23 21:00:00,1,1,0,1,0,0
2023-05-23 23:00:00,1,1,0,1,0,0
2023-05-24 16:00:00,20,0,20,1,0,0
2023-05-25 05:00:00,1,1,0,1,0,0
2023-05-25 10:00:00,5,5,0,1,0,0
2023-05-25 17:00:00,1,1,0,1,0,0
2023-05-25 18:00:00,1,1,0,1,0,0
2023-05-26 11:00:00,1,1,0,1,0,0
2023-05-27 01:00:00,14,0,14,1,0,0
2023-05-27 06:00:00,1,1,0,1,0,0
2023-05-28 08:00:00,1,1,0,1,0,0
2023-05-28 10:00:00,20,1,19,2,0,0
2023-05-29 11:00:00,2,2,0,1,0,0
2023-05-30 04:00:00,2,2,0,2,0,0
2023-05-30 13:00:00,1,1,0,1,0,0
2023-05-30 15:00:00,12,0,12,1,0,0
2023-05-31 02:00:00,1,1,0,1,0,0
2023-05-31 04:00:00,1,1,0,1,0,0
2023-06-01 06:00:00,16,0,16,1,0,0
2023-06-01 23:00:00,1,1,0,1,0,0
2023-06-02 00:00:00,1,1,0,1,0,0
2023-06-02 05:00:00,10,0,10,1,0,0
2023-06-02 06:00:00,1,1,0,1,0,0
2023-06-02 11:00:00,17,0,17,1,0,0
2023-06-02 18:00:00,47,0,47,1,0,0
2023-06-02 20:00:00,26,0,26,1,0,0
2023-06-02 22:00:00,53,0,53,1,0,0
2023-06-03 22:00:00,1,1,0,1,0,0
2023-06-04 10:00:00,20,0,20,1,0,0
2023-06-04 15:00:00,5,5,0,2,0,0
2023-06-04 16:00:00,1,1,0,1,0,0
2023-06-04 20:00:00,18,0,18,1,0,0
2023-06-04 22:00:00,3,3,0,1,0,0
2023-06-05 00:00:00,4,4,0,1,0,0
2023-06-05 01:00:00,5,5,0,1,0,0
2023-06-05 02:00:00,3,3,0,1,0,0
2023-06-05 03:00:00,1,1,0,1,0,0
2023-06-05 06:00:00,24,1,23,2,0,0
2023-06-05 08:00:00,1,1,0,1,0,0
2023-06-05 11:00:00,1,1,0,1,0,0
2023-06-05 20:00:00,5,5,0,1,0,0
2023-06-05 21:00:00,1,1,0,1,0,0
2023-06-06 10:00:00,1,1,0,1,0,0
2023-06-06 20:00:00,19,1,18,2,0,0
2023-06-07 03:00:00,1,1,0,1,0,0
2023-06-07 05:00:00,1,1,0,1,0,0
2023-06-07 18:00:00,1,1,0,1,0,0
2023-06-07 21:00:00,1,1,0,1,0,0
2023-06-07 23:00:00,6,6,0,1,0,0
2023-06-08 10:00:00,15,0,15,1,0,0
2023-06-08 23:00:00,19,0,19,1,0,0
2023-06-09 13:00:00,1,1,0,1,0,0
2023-06-09 14:00:00,1,1,0,1,0,0
2023-06-09 22:00:00,14,0,14,1,0,0
2023-06-09 23:00:00,1,1,0,1,0,0
2023-06-10 16:00:00,8,0,8,1,0,0
2023-06-10 17:00:00,14,0,14,1,0,0
2023-06-10 20:00:00,11,0,11,1,0,0
2023-06-11 11:00:00,12,0,12,1,0,0
2023-06-11 18:00:00,22,0,22,1,0,0
2023-06-11 22:00:00,21,0,21,1,0,0
2023-06-11 23:00:00,1,1,0,1,0,0
2023-06-12 03:00:00,1,1,0,1,0,0
2023-06-12 10:00:00,1,1,0,1,0,0
2023-06-12 13:00:00,2,2,0,2,0,0
2023-06-12 15:00:00,1,1,0,1,0,0
2023-06-13 09:00:00,1,1,0,1,0,0
2023-06-13 12:00:00,1,1,0,1,0,0
2023-06-13 17:00:00,20,0,20,1,0,0
2023-06-14 01:00:00,18,0,18,1,0,0
2023-06-14 10:00:00,1,1,0,1,0,0
2023-06-16 07:00:00,1,1,0,1,0,0
2023-06-16 08:00:00,1,1,0,1,0,0
2023-06-16 13:00:00,12,0,12,1,0,0
2023-06-17 03:00:00,20,0,20,1,0,0
2023-06-17 09:00:00,1,1,0,1,0,0
2023-06-18 22:00:00,15,0,15,1,0,0
2023-06-19 15:00:00,13,0,13,1,0,0
2023-06-20 01:00:00,1,1,0,1,0,0
2023-06-20 12:00:00,1,1,0,1,0,0
2023-06-20 14:00:00,1,1,0,1,0,0
2023-06-20 23:00:00,15,0,15,1,0,0
2023-06-21 11:00:00,1,1,0,1,0,0
2023-06-21 17:00:00,1,1,0,1,0,0
2023-06-22 05:00:00,2,2,0,1,0,0
2023-06-22 11:00:00,18,1,17,2,0,0
2023-06-22 20:00:00,20,0,20,1,0,0
2023-06-22 23:00:00,2,2,0,2,0,0
2023-06-23 20:00:00,1,1,0,1,0,0
2023-06-23 21:00:00,18,0,18,1,0,0
2023-06-24 07:00:00,2,2,0,2,0,0
2023-06-24 12:00:00,1,1,0,1,0,0
2023-06-24 14:00:00,1,1,0,1,0,0
2023-06-25 03:00:00,12,0,12,1,0,0
2023-06-25 05:00:00,1,1,0,1,0,0
2023-06-25 21:00:00,1,1,0,1,0,0
2023-06-26 13:00:00,1,1,0,1,0,0
2023-06-27 03:00:00,9,0,9,1,0,0
2023-06-27 15:00:00,1,1,0,1,0,0
2023-06-27 16:00:00,1,1,0,1,0,0
2023-06-27 17:00:00,1,1,0,1,0,0
2023-06-27 22:00:00,1,1,0,1,0,0
2023-06-28 03:00:00,12,0,12,1,0,0
2023-06-28 05:00:00,2,2,0,1,0,0
2023-06-28 09:00:00,1,1,0,1,0,0
2023-06-28 11:00:00,13,0,13,1,0,0
2023-06-28 21:00:00,15,0,15,1,0,0
2023-06-29 23:00:00,280,0,280,1,0,0
2023-06-30 06:00:00,22,0,22,1,0,0
2023-06-30 13:00:00,12,0,12,1,0,0
2023-06-30 18:00:00,1,1,0,1,0,0
2023-07-01 01:00:00,23,0,23,1,0,0
2023-07-01 04:00:00,2,2,0,2,0,0
2023-07-01 07:00:00,92,1,91,2,0,0
2023-07-01 15:00:00,1,1,0,1,0,0
2023-07-01 22:00:00,37,0,37,1,0,0
2023-07-02 02:00:00,1,1,0,1,0,0
2023-07-02 04:00:00,33,0,33,1,0,0
2023-07-02 13:00:00,23,0,23,1,0,0
2023-07-02 16:00:00,1,1,0,1,0,0
2023-07-02 23:00:00,1,1,0,1,0,0
2023-07-03 06:00:00,1,1,0,1,0,0
2023-07-03 22:00:00,1,1,0,1,0,0
2023-07-04 00:00:00,1,1,0,1,0,0
2023-07-04 06:00:00,11,1,10,2,0,0
2023-07-04 09:00:00,14,0,14,1,0,0
2023-07-04 21:00:00,200,0,200,1,0,0
2023-07-05 07:00:00,1,1,0,1,0,0
2023-07-06 13:00:00,1,1,0,1,0,0
2023-07-06 15:00:00,14,0,14,1,0,0
2023-07-06 19:00:00,1,1,0,1,0,0
2023-07-07 00:00:00,1,1,0,1,0,0
2023-07-07 12:00:00,1,1,0,1,0,0
2023-07-07 21:00:00,1,1,0,1,0,0
2023-07-08 01:00:00,17,0,17,1,0,0
2023-07-08 07:00:00,12,0,12,1,0,0
2023-07-08 17:00:00,12,0,12,1,0,0
2023-07-08 18:00:00,18,0,18,1,0,0
2023-07-09 16:00:00,1,1,0,1,0,0
2023-07-10 01:00:00,13,0,13,1,0,0
2023-07-10 04:00:00,1,1,0,1,0,0
2023-07-10 09:00:00,1,1,0,1,0,0
2023-07-10 11:00:00,1,1,0,1,0,0
2023-07-10 17:00:00,1,1,0,1,0,0
2023-07-10 19:00:00,2,2,0,1,0,0
2023-07-11 02:00:00,2,2,0,2,0,0
2023-07-12 03:00:00,19,0,19,1,0,0
2023-07-13 01:00:00,2,2,0,1,0,0
2023-07-14 13:00:00,1,1,0,1,0,0
2023-07-15 12:00:00,16,0,16,1,0,0
2023-07-15 16:00:00,1,1,0,1,0,0
2023-07-16 05:00:00,1,1,0,1,0,0
2023-07-17 05:00:00,1,1,0,1,0,0
2023-07-17 13:00:00,1,1,0,1,0,0
2023-07-18 07:00:00,1,1,0,1,0,0
2023-07-18 23:00:00,1,1,0,1,0,0
2023-07-20 10:00:00,1,1,0,1,0,0
2023-07-21 15:00:00,1,1,0,1,0,0
2023-07-22 07:00:00,1,1,0,1,0,0
2023-07-23 10:00:00,1,1,0,1,0,0
2023-07-23 16:00:00,1,1,0,1,0,0
2023-07-24 16:00:00,1,1,0,1,0,0
2023-07-24 20:00:00,13,0,13,1,0,0
2023-07-24 23:00:00,12,0,12,1,0,0
2023-07-25 04:00:00,1,1,0,1,0,0
2023-07-25 12:00:00,1,1,0,1,0,0
2023-07-25 18:00:00,1,1,0,1,0,0
2023-07-25 23:00:00,2,2,0,2,0,0
2023-07-26 05:00:00,1,1,0,1,0,0
2023-07-26 06:00:00,269,6,263,3,0,0
2023-07-26 07:00:00,2,2,0,2,0,0
2023-07-26 09:00:00,1,1,0,1,0,0
2023-07-27 02:00:00,1,1,0,1,0,0
2023-07-27 07:00:00,1,1,0,1,0,0
2023-07-28 06:00:00,1,1,0,1,0,0
2023-07-28 07:00:00,1,1,0,1,0,0
2023-07-28 08:00:00,1,1,0,1,0,0
2023-07-28 23:00:00,9,0,9,1,0,0
2023-07-29 10:00:00,11,0,11,1,0,0
2023-07-29 15:00:00,1,1,0,1,0,0
2023-07-29 20:00:00,1,1,0,1,0,0
2023-07-30 03:00:00,18,0,18,1,0,0
2023-07-30 07:00:00,15,0,15,1,0,0
2023-07-31 01:00:00,2,2,0,1,0,0
2023-07-31 13:00:00,16,0,16,1,0,0
2023-07-31 22:00:00,1,1,0,1,0,0
2023-08-01 00:00:00,10,0,10,1,0,0
2023-08-01 08:00:00,12,0,12,1,0,0
2023-08-02 05:00:00,335,11,324,2,0,0
2023-08-02 07:00:00,14,0,14,1,0,0
2023-08-02 16:00:00,13,0,13,1,0,0
2023-08-03 03:00:00,1,1,0,1,0,0
2023-08-03 17:00:00,1,1,0,1,0,0
2023-08-05 07:00:00,1,1,0,1,0,0
2023-08-05 15:00:00,1,1,0,1,0,0
2023-08-05 17:00:00,29,0,29,2,0,0
2023-08-05 19:00:00,1,1,0,1,0,0
2023-08-05 20:00:00,19,0,19,1,0,0
2023-08-06 03:00:00,19,0,19,1,0,0
2023-08-06 04:00:00,1,1,0,1,0,0
2023-08-07 03:00:00,1,1,0,1,0,0
2023-08-07 04:00:00,1,1,0,1,0,0
2023-08-07 19:00:00,22,0,22,1,0,0
2023-08-08 23:00:00,1,1,0,1,0,0
2023-08-09 12:00:00,14,0,14,1,0,0
2023-08-11 22:00:00,1,1,0,1,0,0
2023-08-12 11:00:00,9,0,9,1,0,0
2023-08-12 20:00:00,2,2,0,1,0,0
2023-08-13 03:00:00,1,1,0,1,0,0
2023-08-13 08:00:00,19,1,18,2,0,0
2023-08-13 10:00:00,19,0,19,1,0,0
2023-08-15 14:00:00,1,1,0,1,0,0
2023-08-16 13:00:00,1,1,0,1,0,0
2023-08-16 16:00:00,1,1,0,1,0,0
2023-08-17 12:00:00,1,1,0,1,0,0
2023-08-17 13:00:00,1,1,0,1,0,0
2023-08-18 04:00:00,1,1,0,1,0,0
2023-08-18 11:00:00,16,0,16,1,0,0
2023-08-18 18:00:00,1,1,0,1,0,0
2023-08-18 20:00:00,18,0,18,1,0,0
2023-08-19 14:00:00,1,1,0,1,0,0
2023-08-19 23:00:00,1,1,0,1,0,0
2023-08-20 00:00:00,26,0,26,2,0,0
2023-08-20 08:00:00,1,1,0,1,0,0
2023-08-21 06:00:00,1,1,0,1,0,0
2023-08-21 07:00:00,1,1,0,1,0,0
2023-08-21 16:00:00,1,1,0,1,0,0
2023-08-22 08:00:00,1,1,0,1,0,0
2023-08-22 11:00:00,1,1,0,1,0,0
2023-08-23 07:00:00,15,0,15,1,0,0
2023-08-23 12:00:00,1,1,0,1,0,0
2023-08-23 15:00:00,1,1,0,1,0,0
2023-08-24 04:00:00,1,1,0,1,0,0
2023-08-24 16:00:00,1,1,0,1,0,0
2023-08-25 00:00:00,1,1,0,1,0,0
2023-08-25 14:00:00,11,1,10,2,0,0
2023-08-25 15:00:00,1,1,0,1,0,0
2023-08-25 19:00:00,2,2,0,2,0,0
2023-08-26 21:00:00,1,1,0,1,0,0
2023-08-27 15:00:00,1,1,0,1,0,0
2023-08-28 03:00:00,1,1,0,1,0,0
2023-08-28 07:00:00,1,1,0,1,0,0
2023-08-28 18:00:00,1,1,0,1,0,0
2023-08-29 11:00:00,1,1,0,1,0,0
2023-08-29 17:00:00,1,1,0,1,0,0
2023-08-29 21:00:00,1,1,0,1,0,0
2023-08-30 01:00:00,1,1,0,1,0,0
2023-08-30 16:00:00,18,0,18,1,0,0
2023-08-31 05:00:00,1,1,0,1,0,0
2023-08-31 08:00:00,1,1,0,1,0,0
2023-08-31 15:00:00,1,1,0,1,0,0
2023-08-31 18:00:00,2,2,0,1,0,0
2023-09-01 06:00:00,14,0,14,1,0,0
2023-09-01 07:00:00,1,1,0,1,0,0
2023-09-01 14:00:00,1,1,0,1,0,0
2023-09-01 20:00:00,35,0,35,2,0,0
2023-09-02 01:00:00,2,2,0,1,0,0
2023-09-02 04:00:00,1,1,0,1,0,0
2023-09-02 16:00:00,1,1,0,1,0,0
2023-09-02 17:00:00,19,2,17,2,0,0
2023-09-02 18:00:00,13,0,13,1,0,0
2023-09-02 22:00:00,25,0,25,1,0,0
2023-09-03 05:00:00,17,0,17,1,0,0
2023-09-03 12:00:00,1,1,0,1,0,0
2023-09-04 04:00:00,24,0,24,1,0,0
2023-09-04 06:00:00,1,1,0,1,0,0
2023-09-05 01:00:00,33,0,33,2,0,0
2023-09-05 05:00:00,1,1,0,1,0,0
2023-09-05 13:00:00,1,1,0,1,0,0
2023-09-05 14:00:00,1,1,0,1,0,0
2023-09-06 06:00:00,2,2,0,1,0,0
2023-09-06 17:00:00,1,1,0,1,0,0
2023-09-07 18:00:00,2,2,0,1,0,0
2023-09-07 20:00:00,1,1,0,1,0,0
2023-09-08 17:00:00,1,1,0,1,0,0
2023-09-08 20:00:00,2,2,0,1,0,0
2023-09-09 10:00:00,1,1,0,1,0,0
2023-09-10 07:00:00,1,1,0,1,0,0
2023-09-10 17:00:00,1,1,0,1,0,0
2023-09-10 23:00:00,1,1,0,1,0,0
2023-09-11 16:00:00,21,0,21,1,0,0
2023-09-11 23:00:00,1,1,0,1,0,0
2023-09-12 07:00:00,1,1,0,1,0,0
2023-09-12 21:00:00,1,1,0,1,0,0
2023-09-13 09:00:00,1,1,0,1,0,0
2023-09-13 10:00:00,1,1,0,1,0,0
2023-09-13 11:00:00,3,3,0,1,0,0
2023-09-13 18:00:00,338,338,0,1,0,0
2023-09-14 02:00:00,1,1,0,1,0,0
2023-09-14 05:00:00,3,3,0,1,0,0
2023-09-14 14:00:00,1,1,0,1,0,0
2023-09-14 15:00:00,1,1,0,1,0,0
2023-09-14 16:00:00,1,1,0,1,0,0
2023-09-14 17:00:00,195,195,0,1,0,0
2023-09-14 18:00:00,1,1,0,1,0,0
2023-09-16 05:00:00,1,1,0,1,0,0
2023-09-17 08:00:00,1,1,0,1,0,0
2023-09-18 07:00:00,1,1,0,1,0,0
2023-09-18 10:00:00,1,1,0,1,0,0
2023-09-18 14:00:00,2,2,0,1,0,0
2023-09-19 08:00:00,1,1,0,1,0,0
2023-09-19 14:00:00,1,1,0,1,0,0
2023-09-19 16:00:00,3,3,0,1,0,0
2023-09-20 12:00:00,1,1,0,1,0,0
2023-09-20 17:00:00,31,0,31,2,0,0
2023-09-20 20:00:00,14,0,14,1,0,0
2023-09-21 04:00:00,1,1,0,1,0,0
2023-09-21 11:00:00,2,2,0,1,0,0
2023-09-21 12:00:00,1,1,0,1,0,0
2023-09-22 14:00:00,4,4,0,2,0,0
2023-09-22 16:00:00,2,2,0,1,0,0
2023-09-23 10:00:00,1,1,0,1,0,0
2023-09-24 04:00:00,10,0,10,1,0,0
2023-09-24 22:00:00,1,1,0,1,0,0
2023-09-25 12:00:00,3,3,0,1,0,0
2023-09-26 00:00:00,1,1,0,1,0,0
2023-09-26 08:00:00,1,1,0,1,0,0
2023-09-27 00:00:00,1,1,0,1,0,0
2023-09-27 03:00:00,1,1,0,1,0,0
2023-09-30 06:00:00,1,1,0,1,0,0
2023-09-30 16:00:00,1,1,0,1,0,0
2023-10-01 19:00:00,1,1,0,1,0,0
2023-10-02 19:00:00,1,1,0,1,0,0
2023-10-03 07:00:00,1,1,0,1,0,0
2023-10-03 14:00:00,1,1,0,1,0,0
2023-10-03 16:00:00,18,1,17,2,0,0
2023-10-06 19:00:00,1,1,0,1,0,0
2023-10-07 15:00:00,1,1,0,1,0,0
2023-10-08 17:00:00,24,0,24,1,0,0
2023-10-08 21:00:00,1,1,0,1,0,0
2023-10-08 22:00:00,1,1,0,1,0,0
2023-10-09 22:00:00,1,1,0,1,0,0
2023-10-10 00:00:00,1,1,0,1,0,0
2023-10-10 03:00:00,1,1,0,1,0,0
2023-10-10 09:00:00,1,1,0,1,0,0
2023-10-10 10:00:00,1,1,0,1,0,0
2023-10-10 18:00:00,14,0,14,1,0,0
2023-10-12 09:00:00,16,0,16,1,0,0
2023-10-13 03:00:00,1,1,0,1,0,0
2023-10-13 05:00:00,13,0,13,1,0,0
2023-10-13 08:00:00,11,0,11,1,0,0
2023-10-14 07:00:00,21,1,20,2,0,0
2023-10-14 22:00:00,1,1,0,1,0,0
2023-10-15 02:00:00,1,1,0,1,0,0
2023-10-15 04:00:00,1,1,0,1,0,0
2023-10-15 08:00:00,1,1,0,1,0,0
2023-10-15 11:00:00,16,0,16,1,0,0
2023-10-15 13:00:00,1,1,0,1,0,0
2023-10-15 21:00:00,1,1,0,1,0,0
2023-10-17 19:00:00,1,1,0,1,0,0
2023-10-17 22:00:00,1,1,0,1,0,0
2023-10-18 09:00:00,15,0,15,1,0,0
2023-10-18 21:00:00,2,2,0,2,0,0
2023-10-19 18:00:00,1,1,0,1,0,0
2023-10-19 23:00:00,1,1,0,1,0,0
2023-10-20 02:00:00,2,2,0,1,0,0
2023-10-20 09:00:00,2,2,0,2,0,0
2023-10-20 10:00:00,1,1,0,1,0,0
2023-10-20 15:00:00,1,1,0,1,0,0
2023-10-20 23:00:00,1,1,0,1,0,0
2023-10-21 09:00:00,1,1,0,1,0,0
2023-10-21 14:00:00,16,0,16,1,0,0
2023-10-21 19:00:00,40,0,40,1,0,0
2023-10-21 22:00:00,1,1,0,1,0,0
2023-10-22 02:00:00,2,2,0,1,0,0
2023-10-22 04:00:00,1,1,0,1,0,0
2023-10-22 10:00:00,1,1,0,1,0,0
2023-10-22 16:00:00,1,1,0,1,0,0
2023-10-22 21:00:00,1,1,0,1,0,0
2023-10-23 13:00:00,1,1,0,1,0,0
2023-10-24 10:00:00,1,1,0,1,0,0
2023-10-25 08:00:00,1,1,0,1,0,0
2023-10-25 09:00:00,1,1,0,1,0,0
2023-10-25 11:00:00,1,1,0,1,0,0
2023-10-25 16:00:00,17,0,17,1,0,0
2023-10-25 17:00:00,13,0,13,1,0,0
2023-10-26 12:00:00,1,1,0,1,0,0
2023-10-27 05:00:00,1,1,0,1,0,0
2023-10-27 22:00:00,1,1,0,1,0,0
2023-10-28 04:00:00,1,1,0,1,0,0
2023-10-28 06:00:00,1,1,0,1,0,0
2023-10-29 05:00:00,1,1,0,1,0,0
2023-10-29 13:00:00,1,1,0,1,0,0
2023-10-30 06:00:00,1,1,0,1,0,0
2023-10-30 13:00:00,1,1,0,1,0,0
2023-10-31 08:00:00,16,0,16,1,0,0
2023-10-31 16:00:00,1,1,0,1,0,0
2023-10-31 23:00:00,1,1,0,1,0,0
2023-11-01 19:00:00,13,0,13,1,0,0
2023-11-01 21:00:00,14,0,14,1,0,0
2023-11-02 03:00:00,2,2,0,1,0,0
2023-11-02 19:00:00,21,0,21,1,0,0
2023-11-02 20:00:00,16,2,14,2,0,0
2023-11-03 09:00:00,1,1,0,1,0,0
2023-11-03 14:00:00,16,0,16,1,0,0
2023-11-03 15:00:00,16,0,16,1,0,0
2023-11-03 17:00:00,14,0,14,1,0,0
2023-11-04 04:00:00,1,1,0,1,0,0
2023-11-04 07:00:00,10,0,10,1,0,0
2023-11-04 13:00:00,1,1,0,1,0,0
2023-11-04 14:00:00,12,0,12,1,0,0
2023-11-05 02:00:00,13,0,13,1,0,0
2023-11-05 06:00:00,22,0,22,1,0,0
2023-11-05 14:00:00,1,1,0,1,0,0
2023-11-05 15:00:00,13,0,13,1,0,0
2023-11-05 22:00:00,14,0,14,1,0,0
2023-11-05 23:00:00,18,0,18,1,0,0
2023-11-06 02:00:00,2,2,0,1,0,0
2023-11-06 03:00:00,1,1,0,1,0,0
2023-11-06 07:00:00,16,0,16,1,0,0
2023-11-06 08:00:00,1,1,0,1,0,0
2023-11-06 09:00:00,15,0,15,1,0,0
2023-11-06 15:00:00,18,0,18,1,0,0
2023-11-07 00:00:00,14,0,14,1,0,0
2023-11-07 01:00:00,15,0,15,1,0,0
2023-11-07 19:00:00,19,0,19,1,0,0
2023-11-08 13:00:00,1,1,0,1,0,0
2023-11-09 09:00:00,21,0,21,1,0,0
2023-11-10 16:00:00,1,1,0,1,0,0
2023-11-11 01:00:00,1,1,0,1,0,0
2023-11-11 09:00:00,1,1,0,1,0,0
2023-11-13 06:00:00,1,1,0,1,0,0
2023-11-14 19:00:00,1,1,0,1,0,0
2023-11-15 08:00:00,1,1,0,1,0,0
2023-11-15 11:00:00,1,1,0,1,0,0
2023-11-16 12:00:00,1,1,0,1,0,0
2023-11-16 13:00:00,1,1,0,1,0,0
2023-11-17 18:00:00,1,1,0,1,0,0
2023-11-18 06:00:00,1,1,0,1,0,0
2023-11-20 11:00:00,1,1,0,1,0,0
2023-11-21 07:00:00,1,1,0,1,0,0
2023-11-21 18:00:00,21,0,21,1,0,0
2023-11-23 22:00:00,1,1,0,1,0,0
2023-11-24 10:00:00,12,0,12,1,0,0
2023-11-26 08:00:00,1,1,0,1,0,0
2023-11-27 07:00:00,1,1,0,1,0,0
2023-11-27 12:00:00,15,0,15,1,0,0
2023-11-27 14:00:00,1,1,0,1,0,0
2023-11-28 04:00:00,1,1,0,1,0,0
2023-11-29 00:00:00,1,1,0,1,0,0
2023-11-29 02:00:00,19,0,19,1,0,0
2023-11-30 11:00:00,1,1,0,1,0,0
2023-12-01 17:00:00,1,1,0,1,0,0
2023-12-02 06:00:00,11,0,11,1,0,0
2023-12-02 10:00:00,2,2,0,1,0,0
2023-12-03 09:00:00,1,1,0,1,0,0
2023-12-04 18:00:00,1,1,0,1,0,0
2023-12-05 02:00:00,1,1,0,1,0,0
2023-12-06 06:00:00,1,1,0,1,0,0
2023-12-06 14:00:00,1,1,0,1,0,0
2023-12-07 06:00:00,1,1,0,1,0,0
2023-12-09 03:00:00,1,1,0,1,0,0
2023-12-10 07:00:00,1,1,0,1,0,0
2023-12-11 10:00:00,2,2,0,1,0,0
2023-12-11 13:00:00,1,1,0,1,0,0
2023-12-11 15:00:00,1,1,0,1,0,0
2023-12-11 18:00:00,1,1,0,1,0,0
2023-12-12 12:00:00,1,1,0,1,0,0
2023-12-13 09:00:00,1,1,0,1,0,0
2023-12-13 18:00:00,11,0,11,1,0,0
2023-12-15 00:00:00,1,1,0,1,0,0
2023-12-15 07:00:00,1,1,0,1,0,0
2023-12-17 09:00:00,1,1,0,1,0,0
2023-12-17 17:00:00,1,1,0,1,0,0
2023-12-21 06:00:00,1,1,0,1,0,0
2023-12-22 04:00:00,1,1,0,1,0,0
2023-12-22 10:00:00,1,1,0,1,0,0
2023-12-22 12:00:00,1,1,0,1,0,0
2023-12-23 08:00:00,1,1,0,1,0,0
2023-12-24 02:00:00,1,1,0,1,0,0
2023-12-26 14:00:00,1,1,0,1,0,0
2023-12-26 16:00:00,1,1,0,1,0,0
2023-12-28 03:00:00,1,1,0,1,0,0
2023-12-28 07:00:00,1,1,0,1,0,0
2023-12-28 13:00:00,1,1,0,1,0,0
2023-12-29 13:00:00,1,1,0,1,0,0
2023-12-29 23:00:00,1,1,0,1,0,0
2023-12-30 20:00:00,1,1,0,1,0,0
2023-12-31 00:00:00,1,1,0,1,0,0
2024-01-02 08:00:00,1,1,0,1,0,0
2024-01-03 02:00:00,1,1,0,1,0,0
2024-01-03 16:00:00,1,1,0,1,0,0
2024-01-04 05:00:00,2,2,0,1,0,0
2024-01-04 16:00:00,1,1,0,1,0,0
2024-01-04 20:00:00,1,1,0,1,0,0
2024-01-05 03:00:00,1,1,0,1,0,0
2024-01-05 04:00:00,1,1,0,1,0,0
2024-01-05 08:00:00,1,1,0,1,0,0
2024-01-05 09:00:00,1,1,0,1,0,0
2024-01-05 20:00:00,1,1,0,1,0,0
2024-01-06 05:00:00,1,1,0,1,0,0
2024-01-06 23:00:00,1,1,0,1,0,0
2024-01-07 16:00:00,1,1,0,1,0,0
2024-01-07 22:00:00,1,1,0,1,0,0
2024-01-08 05:00:00,15,0,15,1,0,0
2024-01-08 16:00:00,1,1,0,1,0,0
2024-01-08 20:00:00,1,1,0,1,0,0
2024-01-09 00:00:00,1,1,0,1,0,0
2024-01-09 05:00:00,2,2,0,2,0,0
2024-01-09 09:00:00,1,1,0,1,0,0
2024-01-09 12:00:00,1,1,0,1,0,0
2024-01-09 13:00:00,1,1,0,1,0,0
2024-01-10 00:00:00,1,1,0,1,0,0
2024-01-10 18:00:00,17,0,17,1,0,0
2024-01-11 03:00:00,1,1,0,1,0,0
2024-01-11 09:00:00,1,1,0,1,0,0
2024-01-13 13:00:00,1,1,0,1,0,0
2024-01-13 20:00:00,1,1,0,1,0,0
2024-01-14 11:00:00,2,2,0,2,0,0
2024-01-14 13:00:00,1,1,0,1,0,0
2024-01-14 23:00:00,15,0,15,1,0,0
2024-01-15 08:00:00,1,1,0,1,0,0
2024-01-16 10:00:00,1,1,0,1,0,0
2024-01-17 14:00:00,1,1,0,1,0,0
2024-01-18 06:00:00,1172,1172,0,3,0,0
2024-01-18 07:00:00,693,693,0,4,0,0
2024-01-18 08:00:00,2416,347,2069,6,0,0
2024-01-18 09:00:00,294,54,240,2,0,0
2024-01-18 16:00:00,3,3,0,2,0,0
2024-01-18 17:00:00,49,37,12,2,0,0
2024-01-18 18:00:00,1,1,0,1,0,0
2024-01-19 02:00:00,53,53,0,4,0,0
2024-01-19 05:00:00,12,12,0,1,0,0
2024-01-19 06:00:00,45,45,0,2,0,0
2024-01-20 06:00:00,1,1,0,1,0,0
2024-01-22 02:00:00,1,1,0,1,0,0
2024-01-24 08:00:00,60,60,0,1,0,0
2024-01-24 09:00:00,60,60,0,1,0,0
2024-01-25 02:00:00,1,1,0,1,0,0
2024-01-27 12:00:00,1,1,0,1,0,0
2024-01-27 14:00:00,1,1,0,1,0,0
2024-01-28 10:00:00,1,1,0,1,0,0
2024-01-28 13:00:00,14,1,13,2,0,0
2024-01-28 22:00:00,1,1,0,1,0,0
2024-01-30 01:00:00,1,1,0,1,0,0
2024-01-30 04:00:00,1,1,0,1,0,0
2024-01-30 05:00:00,1,1,0,1,0,0
2024-01-30 07:00:00,96,50,46,2,0,0
2024-01-30 08:00:00,7,7,0,2,0,0
2024-01-30 15:00:00,1,1,0,1,0,0
2024-01-30 19:00:00,2,2,0,1,0,0
2024-01-31 09:00:00,1,1,0,1,0,0
2024-02-01 09:00:00,120,6,114,2,0,0
2024-02-01 10:00:00,1,1,0,1,0,0
2024-02-01 14:00:00,1,1,0,1,0,0
2024-02-01 22:00:00,1,1,0,1,0,0
2024-02-02 02:00:00,1,1,0,1,0,0
2024-02-03 06:00:00,1,1,0,1,0,0
2024-02-05 01:00:00,1,1,0,1,0,0
2024-02-05 09:00:00,2,2,0,1,0,0
2024-02-05 13:00:00,1,1,0,1,0,0
2024-02-05 16:00:00,1,1,0,1,0,0
2024-02-06 00:00:00,2,2,0,1,0,0
2024-02-06 02:00:00,1,1,0,1,0,0
2024-02-07 02:00:00,1,1,0,1,0,0
2024-02-08 11:00:00,14,1,13,2,0,0
2024-02-08 12:00:00,17,17,0,1,0,0
2024-02-08 13:00:00,141,130,11,2,0,0
2024-02-08 14:00:00,1443,1443,0,1,0,0
2024-02-08 15:00:00,1200,1200,0,1,0,0
2024-02-08 16:00:00,553,553,0,1,0,0
2024-02-08 23:00:00,1,1,0,1,0,0
2024-02-09 01:00:00,1,1,0,1,0,0
2024-02-09 05:00:00,408,408,0,2,0,0
2024-02-09 06:00:00,163,163,0,1,0,0
2024-02-09 12:00:00,1,1,0,1,0,0
2024-02-09 13:00:00,8,8,0,1,0,0
2024-02-09 14:00:00,471,471,0,1,0,0
2024-02-09 15:00:00,475,475,0,3,0,0
2024-02-09 16:00:00,479,479,0,1,0,0
2024-02-09 17:00:00,487,487,0,1,0,0
2024-02-09 18:00:00,48,48,0,1,0,0
2024-02-10 02:00:00,1,1,0,1,0,0
2024-02-10 10:00:00,15,0,15,1,0,0
2024-02-10 11:00:00,18,0,18,1,0,0
2024-02-10 18:00:00,32,0,32,1,0,0
2024-02-11 14:00:00,1,1,0,1,0,0
2024-02-11 23:00:00,2,2,0,1,0,0
2024-02-12 19:00:00,1,1,0,1,0,0
2024-02-13 04:00:00,1,1,0,1,0,0
2024-02-13 06:00:00,1,1,0,1,0,0
2024-02-13 09:00:00,1,1,0,1,0,0
2024-02-14 10:00:00,1,1,0,1,0,0
2024-02-15 06:00:00,7,7,0,4,0,0
2024-02-15 07:00:00,119,3,116,1,0,0
2024-02-15 08:00:00,823,1,822,1,0,0
2024-02-15 10:00:00,1,1,0,1,0,0
2024-02-15 13:00:00,1,1,0,1,0,0
2024-02-16 01:00:00,1,1,0,1,0,0
2024-02-16 10:00:00,23,0,23,1,0,0
2024-02-16 15:00:00,24,0,24,1,0,0
2024-02-16 20:00:00,2,2,0,1,0,0
2024-02-17 04:00:00,1,1,0,1,0,0
2024-02-18 05:00:00,1,1,0,1,0,0
2024-02-18 14:00:00,1,1,0,1,0,0
2024-02-19 04:00:00,1,1,0,1,0,0
2024-02-19 19:00:00,1,1,0,1,0,0
