date,brute_force,command_injection,path_traversal,sqli,xss
2023-01-08,0,29,0,0,0
2023-01-09,0,75,567,74,1650
2023-01-10,81,136,1455,231,2192
2023-01-11,253,21,288,0,235
2023-01-12,0,16,0,0,0
2023-01-13,128,0,49,0,42
2023-01-14,0,14,24,0,0
2023-01-15,0,13,0,0,0
2023-01-16,0,20,35,0,0
2023-01-17,0,42,0,0,0
2023-01-18,0,165,9,0,13
2023-01-19,0,29,0,0,0
2023-01-20,0,30,0,0,0
2023-01-21,0,70,0,0,0
2023-01-22,0,88,0,0,0
2023-01-23,0,66,0,0,0
2023-01-24,0,177,269,0,238
2023-01-25,0,80,0,0,0
2023-01-26,0,27,0,0,0
2023-01-27,434,130,0,0,0
2023-01-28,4074,154,0,0,0
2023-01-29,0,42,0,0,0
2023-01-30,0,69,136,0,117
2023-01-31,0,41,0,0,0
2023-02-01,0,150,78,83,94
2023-02-02,0,154,0,0,0
2023-02-03,0,749,2640,4317,1241
2023-02-04,0,79,0,0,0
2023-02-05,0,21,0,0,0
2023-02-06,0,43,0,0,0
2023-02-07,0,34,104,0,124
2023-02-09,409,11,0,0,0
2023-02-11,0,77,0,0,0
2023-02-12,0,65,0,0,0
2023-02-13,0,18,0,0,0
2023-02-14,0,52,0,0,0
2023-02-15,0,13,0,0,0
2023-02-16,0,12,0,0,0
2023-02-17,4311,78,0,0,0
2023-02-18,0,12,0,0,0
2023-02-19,0,58,0,0,0
2023-02-20,0,42,0,0,0
2023-02-21,0,41,0,0,0
2023-02-22,0,22,0,0,0
2023-02-24,0,88,19,0,0
2023-02-26,0,23,17,0,0
2023-02-28,0,133,74,0,12
2023-03-02,0,17,0,0,0
2023-03-03,0,17,0,0,0
2023-03-05,0,52,0,0,0
2023-03-06,0,44,0,0,0
2023-03-07,0,58,0,0,0
2023-03-08,0,29,12,66,0
2023-03-09,0,85,0,0,0
2023-03-10,117,915,3007,4776,1264
2023-03-11,0,0,9,0,0
2023-03-12,0,11,0,0,0
2023-03-13,0,14,0,0,0
2023-03-17,0,41,0,0,0
2023-03-18,0,63,0,0,0
2023-03-19,0,57,0,0,0
2023-03-20,0,16,0,0,0
2023-03-21,0,11,0,0,0
2023-03-22,0,31,0,0,0
2023-03-24,0,21,0,0,0
2023-03-26,0,13,0,0,0
2023-03-27,0,27,0,0,0
2023-03-28,0,171,0,0,0
2023-03-29,0,125,0,0,0
2023-03-30,0,70,0,0,0
2023-03-31,0,187,0,0,0
2023-04-01,0,25,0,0,0
2023-04-02,0,145,0,0,0
2023-04-03,0,87,0,0,0
2023-04-04,0,100,0,0,0
2023-04-05,0,107,0,0,0
2023-04-06,0,79,0,0,0
2023-04-07,0,33,0,0,0
2023-04-08,0,31,0,0,0
2023-04-09,0,15,0,0,0
2023-04-10,0,45,0,0,0
2023-04-11,0,15,0,0,0
2023-04-12,0,49,0,0,0
2023-04-13,0,38,0,0,0
2023-04-14,0,47,0,0,0
2023-04-15,0,45,0,0,0
2023-04-16,0,25,0,0,0
2023-04-17,0,25,0,0,0
2023-04-19,0,21,0,0,0
2023-04-20,0,44,0,0,0
2023-04-23,0,15,0,0,0
2023-04-25,0,24,0,0,0
2023-04-26,0,11,0,0,0
2023-04-30,0,11,0,0,0
2023-05-05,0,11,0,0,0
2023-05-06,0,13,0,0,0
2023-05-08,0,9,0,0,0
2023-05-09,0,17,0,0,0
2023-05-10,0,24,0,0,0
2023-05-11,0,33,0,0,0
2023-05-13,0,68,0,0,0
2023-05-14,0,20,0,0,0
2023-05-15,0,81,0,0,0
2023-05-16,0,54,0,0,0
2023-05-18,0,29,10,0,173
2023-05-24,0,20,0,0,0
2023-05-27,0,14,0,0,0
2023-05-28,0,19,0,0,0
2023-05-30,0,12,0,0,0
2023-06-01,0,16,0,0,0
2023-06-02,0,27,53,0,73
2023-06-04,0,38,0,0,0
2023-06-05,0,23,0,0,0
2023-06-06,0,18,0,0,0
2023-06-08,0,34,0,0,0
2023-06-09,0,14,0,0,0
2023-06-10,0,33,0,0,0
2023-06-11,0,33,22,0,0
2023-06-13,0,20,0,0,0
2023-06-14,0,18,0,0,0
2023-06-16,0,12,0,0,0
2023-06-17,0,20,0,0,0
2023-06-18,0,15,0,0,0
2023-06-19,0,13,0,0,0
2023-06-20,0,15,0,0,0
2023-06-22,0,37,0,0,0
2023-06-23,0,18,0,0,0
2023-06-25,0,12,0,0,0
2023-06-27,0,9,0,0,0
2023-06-28,0,40,0,0,0
2023-06-29,0,280,0,0,0
2023-06-30,0,34,0,0,0
2023-07-01,0,151,0,0,0
2023-07-02,0,56,0,0,0
2023-07-04,0,224,0,0,0
2023-07-06,0,14,0,0,0
2023-07-08,0,59,0,0,0
2023-07-10,0,13,0,0,0
2023-07-12,0,19,0,0,0
2023-07-15,0,16,0,0,0
2023-07-24,0,25,0,0,0
2023-07-26,193,0,70,0,0
2023-07-28,0,9,0,0,0
2023-07-29,0,11,0,0,0
2023-07-30,0,33,0,0,0
2023-07-31,0,16,0,0,0
2023-08-01,0,22,0,0,0
2023-08-02,0,75,144,0,132
2023-08-05,0,48,0,0,0
2023-08-06,0,19,0,0,0
2023-08-07,0,22,0,0,0
2023-08-09,0,14,0,0,0
2023-08-12,0,9,0,0,0
2023-08-13,0,37,0,0,0
2023-08-18,0,34,0,0,0
2023-08-20,0,26,0,0,0
2023-08-23,0,15,0,0,0
2023-08-25,0,10,0,0,0
2023-08-30,0,18,0,0,0
2023-09-01,0,49,0,0,0
2023-09-02,0,55,0,0,0
2023-09-03,0,17,0,0,0
2023-09-04,0,24,0,0,0
2023-09-05,0,33,0,0,0
2023-09-11,0,21,0,0,0
2023-09-20,0,45,0,0,0
2023-09-24,0,10,0,0,0
2023-10-03,0,17,0,0,0
2023-10-08,0,24,0,0,0
2023-10-10,0,14,0,0,0
2023-10-12,0,16,0,0,0
2023-10-13,0,24,0,0,0
2023-10-14,0,20,0,0,0
2023-10-15,0,16,0,0,0
2023-10-18,0,15,0,0,0
2023-10-21,0,56,0,0,0
2023-10-25,0,30,0,0,0
2023-10-31,0,16,0,0,0
2023-11-01,0,27,0,0,0
2023-11-02,0,35,0,0,0
2023-11-03,0,46,0,0,0
2023-11-04,0,22,0,0,0
2023-11-05,0,80,0,0,0
2023-11-06,0,49,0,0,0
2023-11-07,0,48,0,0,0
2023-11-09,0,21,0,0,0
2023-11-21,0,21,0,0,0
2023-11-24,0,12,0,0,0
2023-11-27,0,15,0,0,0
2023-11-29,0,19,0,0,0
2023-12-02,0,11,0,0,0
2023-12-13,0,11,0,0,0
2024-01-08,0,15,0,0,0
2024-01-10,0,17,0,0,0
2024-01-14,0,15,0,0,0
2024-01-18,0,0,12,0,2309
2024-01-28,0,13,0,0,0
2024-01-30,0,0,46,0,0
2024-02-01,0,0,82,0,32
2024-02-08,0,24,0,0,0
2024-02-10,0,65,0,0,0
2024-02-15,0,0,769,169,0
2024-02-16,0,47,0,0,0
