,precision,recall,f1-score,support
benign,0.9999930759670278,0.9707021995194327,0.9851299593802331,297565.0
brute_force,0.08271375464684015,0.996268656716418,0.15274599542334097,268.0
command_injection,0.06914660831509847,0.9813664596273292,0.12919051512673754,161.0
path_traversal,0.2676767676767677,0.9636363636363636,0.4189723320158103,220.0
sqli,0.8421052631578947,1.0,0.9142857142857143,32.0
xss,0.05855161787365177,0.9947643979057592,0.11059371362048893,191.0
accuracy,0.9707442441788384,0.9707442441788384,0.9707442441788384,0.9707442441788384
macro avg,0.3866978479395468,0.9844563462342171,0.45181970497538754,298437.0
weighted avg,0.9975078799097852,0.9707442441788384,0.982936051554901,298437.0
