Feature,Importance
contains_sql_keyword,0.09128813467359521
contains_script_tag,0.09068841070216846
contains_path_traversal,0.08027313144129175
payload_length,0.06480722007907341
ft_COUNT_requests,0.06464924670357078
ip_request_rank,0.06443338713292471
requests_per_ip,0.05135052148011261
payload_entropy,0.03946605731474886
user_agent_length,0.03794859901748196
failed_pattern_count,0.03436030495253096
letter_ratio,0.03418566830238019
requests_per_ip_10min,0.029622529248157323
request_rate_5min,0.027247604340793537
requests_per_ip_1min,0.026385405982608384
special_character_count,0.024770385906509863
requests_per_ip_5min,0.023675278765102115
contains_command_separator,0.02318407746330943
request_rate_1min,0.02158405124240405
ft_NUM_UNIQUE_client_port,0.019333610186151408
unique_ports_per_ip,0.01837730914513377
path_depth,0.013618842749342119
ft_NUM_UNIQUE_resource,0.011797040786361943
url_length,0.011097086628917095
ts_activity_signal,0.01107071625985627
ft_NUM_UNIQUE_user_agent,0.00978957006129908
unique_urls_per_ip,0.008943511557491792
request_day_of_week,0.00792699273878205
mean_inter_request_time_ip,0.0074915181878400265
request_month,0.007199037803247546
max_inter_request_time_ip,0.006381847817514858
unique_user_agents_per_ip,0.005619448775113566
client_port,0.005469173001908465
request_day,0.004018121080932273
ft_MIN_client_port,0.0033647589570398313
ft_MAX_client_port,0.0031292880024378867
ft_STD_client_port,0.0027089380188616706
is_scanner,0.002469208433079958
request_hour,0.0023938440394451464
ft_MEAN_client_port,0.0020034763175552014
url_entropy,0.0011701776046469325
time_since_previous_request,0.0010419965326316238
median_inter_request_time_ip,0.0009952159058050916
rapid_request_flag,0.0009596209885116449
is_bot,0.000755879680628798
min_inter_request_time_ip,0.0003325983055339448
is_night,0.00013860743910506368
tsfresh_abs_energy,0.0001371348927413003
tsfresh_mean,7.495523059019531e-05
tsfresh_median,7.073229129623176e-05
tsfresh_variance,6.296698880219981e-05
tsfresh_mean_abs_change,5.5535445622873775e-05
tsfresh_standard_deviation,3.1653311257415766e-05
number_of_query_parameters,2.2060603716157428e-05
query_parameter_count,2.0127562159727418e-05
digit_ratio,6.643838473807754e-06
tsfresh_maximum,7.380814014935422e-07
status_code,0.0
bytes_sent,0.0
error_status_ratio_ip,0.0
status_403_ratio_ip,0.0
high_404_activity_flag,0.0
status_404_ratio_ip,0.0
status_404_count_ip,0.0
status_403_count_ip,0.0
status_500_count_ip,0.0
tsfresh_minimum,0.0
